ts_local,event_type,bar_index,signal_type,action_reason,notes
2025-11-18 01:06:00.000,PLOT,11,BULL,Triangle drawn on chart,netflow=4.50
2025-11-18 01:06:30.000,LOGGED,12,BULL,Written to signals CSV,"price=24949.25,netflow=4.50"
2025-11-18 01:11:30.000,PLOT,22,BEAR,Triangle drawn on chart,netflow=-0.50
2025-11-18 01:12:00.000,LOGGED,23,BEAR,Written to signals CSV,"price=24915.25,netflow=-0.50"
2025-11-18 01:25:00.000,PLOT,49,BULL,Triangle drawn on chart,netflow=2.13
2025-11-18 01:25:30.000,LOGGED,50,BULL,Written to signals CSV,"price=24910.50,netflow=2.13"
2025-11-18 01:31:00.000,PLOT,61,BEAR,Triangle drawn on chart,netflow=1.31
2025-11-18 01:31:30.000,LOGGED,62,BEAR,Written to signals CSV,"price=24918.50,netflow=1.31"
2025-11-18 01:31:30.000,PLOT,62,BULL,Triangle drawn on chart,netflow=1.21
2025-11-18 01:32:00.000,LOGGED,63,BULL,Written to signals CSV,"price=24918.50,netflow=1.21"
2025-11-18 01:32:00.000,PLOT,63,BEAR,Triangle drawn on chart,netflow=1.11
2025-11-18 01:32:30.000,LOGGED,64,BEAR,Written to signals CSV,"price=24918.75,netflow=1.11"
2025-11-18 01:34:00.000,PLOT,67,BULL,Triangle drawn on chart,netflow=1.87
2025-11-18 01:34:30.000,LOGGED,68,BULL,Written to signals CSV,"price=24922.50,netflow=1.87"
2025-11-18 01:35:00.000,PLOT,69,BEAR,Triangle drawn on chart,netflow=0.28
2025-11-18 01:35:30.000,LOGGED,70,BEAR,Written to signals CSV,"price=24920.50,netflow=0.28"
2025-11-18 01:35:30.000,PLOT,70,BULL,Triangle drawn on chart,netflow=1.83
2025-11-18 01:36:00.000,LOGGED,71,BULL,Written to signals CSV,"price=24921.75,netflow=1.83"
2025-11-18 01:36:30.000,PLOT,72,BEAR,Triangle drawn on chart,netflow=2.20
2025-11-18 01:37:00.000,LOGGED,73,BEAR,Written to signals CSV,"price=24919.75,netflow=2.20"
2025-11-18 01:37:00.000,PLOT,73,BULL,Triangle drawn on chart,netflow=3.92
2025-11-18 01:37:30.000,LOGGED,74,BULL,Written to signals CSV,"price=24925.25,netflow=3.92"
2025-11-18 01:52:30.000,PLOT,104,BEAR,Triangle drawn on chart,netflow=0.00
2025-11-18 01:53:00.000,LOGGED,105,BEAR,Written to signals CSV,"price=24910.50,netflow=0.00"
2025-11-18 01:58:00.000,PLOT,115,BULL,Triangle drawn on chart,netflow=-0.50
2025-11-18 01:58:30.000,LOGGED,116,BULL,Written to signals CSV,"price=24918.00,netflow=-0.50"
2025-11-18 02:17:00.000,PLOT,153,BEAR,Triangle drawn on chart,netflow=-2.00
2025-11-18 02:17:30.000,LOGGED,154,BEAR,Written to signals CSV,"price=24903.50,netflow=-2.00"
2025-11-18 02:48:30.000,PLOT,216,BULL,Triangle drawn on chart,netflow=2.50
2025-11-18 02:49:00.000,LOGGED,217,BULL,Written to signals CSV,"price=24881.50,netflow=2.50"
2025-11-18 02:58:00.000,PLOT,235,BEAR,Triangle drawn on chart,netflow=-1.28
2025-11-18 02:58:30.000,LOGGED,236,BEAR,Written to signals CSV,"price=24872.75,netflow=-1.28"
2025-11-18 03:07:00.000,PLOT,253,BULL,Triangle drawn on chart,netflow=1.83
2025-11-18 03:07:30.000,LOGGED,254,BULL,Written to signals CSV,"price=24897.25,netflow=1.83"
2025-11-18 03:28:00.000,PLOT,295,BEAR,Triangle drawn on chart,netflow=0.50
2025-11-18 03:28:30.000,LOGGED,296,BEAR,Written to signals CSV,"price=24926.50,netflow=0.50"
2025-11-18 03:32:00.000,PLOT,303,BULL,Triangle drawn on chart,netflow=1.50
2025-11-18 03:32:30.000,LOGGED,304,BULL,Written to signals CSV,"price=24926.75,netflow=1.50"
2025-11-18 03:32:30.000,PLOT,304,BEAR,Triangle drawn on chart,netflow=1.00
2025-11-18 03:33:00.000,LOGGED,305,BEAR,Written to signals CSV,"price=24916.00,netflow=1.00"
2025-11-18 03:34:00.000,PLOT,307,BULL,Triangle drawn on chart,netflow=2.00
2025-11-18 03:34:30.000,LOGGED,308,BULL,Written to signals CSV,"price=24923.75,netflow=2.00"
2025-11-18 03:34:30.000,PLOT,308,BEAR,Triangle drawn on chart,netflow=2.50
2025-11-18 03:35:00.000,LOGGED,309,BEAR,Written to signals CSV,"price=24926.00,netflow=2.50"
2025-11-18 03:35:00.000,PLOT,309,BULL,Triangle drawn on chart,netflow=2.00
2025-11-18 03:35:30.000,LOGGED,310,BULL,Written to signals CSV,"price=24923.75,netflow=2.00"
2025-11-18 03:35:30.000,PLOT,310,BEAR,Triangle drawn on chart,netflow=2.00
2025-11-18 03:36:00.000,LOGGED,311,BEAR,Written to signals CSV,"price=24921.00,netflow=2.00"
2025-11-18 03:36:00.000,PLOT,311,BULL,Triangle drawn on chart,netflow=4.32
2025-11-18 03:36:30.000,LOGGED,312,BULL,Written to signals CSV,"price=24934.75,netflow=4.32"
2025-11-18 03:38:00.000,PLOT,315,BEAR,Triangle drawn on chart,netflow=2.32
2025-11-18 03:38:30.000,LOGGED,316,BEAR,Written to signals CSV,"price=24923.25,netflow=2.32"
2025-11-18 03:38:30.000,PLOT,316,BULL,Triangle drawn on chart,netflow=4.01
2025-11-18 03:39:00.000,LOGGED,317,BULL,Written to signals CSV,"price=24930.25,netflow=4.01"
2025-11-18 03:39:00.000,PLOT,317,BEAR,Triangle drawn on chart,netflow=3.65
2025-11-18 03:39:30.000,LOGGED,318,BEAR,Written to signals CSV,"price=24933.50,netflow=3.65"
2025-11-18 03:39:30.000,PLOT,318,BULL,Triangle drawn on chart,netflow=3.78
2025-11-18 03:40:00.000,LOGGED,319,BULL,Written to signals CSV,"price=24935.50,netflow=3.78"
2025-11-18 03:40:30.000,PLOT,320,BEAR,Triangle drawn on chart,netflow=3.58
2025-11-18 03:41:00.000,LOGGED,321,BEAR,Written to signals CSV,"price=24931.75,netflow=3.58"
2025-11-18 03:41:00.000,PLOT,321,BULL,Triangle drawn on chart,netflow=3.95
2025-11-18 03:41:30.000,LOGGED,322,BULL,Written to signals CSV,"price=24940.25,netflow=3.95"
2025-11-18 03:58:30.000,PLOT,356,BEAR,Triangle drawn on chart,netflow=-1.00
2025-11-18 03:59:00.000,LOGGED,357,BEAR,Written to signals CSV,"price=24937.50,netflow=-1.00"
2025-11-18 04:10:00.000,PLOT,379,BULL,Triangle drawn on chart,netflow=2.50
2025-11-18 04:10:30.000,LOGGED,380,BULL,Written to signals CSV,"price=24936.00,netflow=2.50"
2025-11-18 04:10:30.000,PLOT,380,BEAR,Triangle drawn on chart,netflow=4.93
2025-11-18 04:11:00.000,LOGGED,381,BEAR,Written to signals CSV,"price=24944.00,netflow=4.93"
2025-11-18 04:11:00.000,PLOT,381,BULL,Triangle drawn on chart,netflow=5.51
2025-11-18 04:11:30.000,LOGGED,382,BULL,Written to signals CSV,"price=24948.50,netflow=5.51"
2025-11-18 04:12:30.000,PLOT,384,BEAR,Triangle drawn on chart,netflow=1.88
2025-11-18 04:13:00.000,LOGGED,385,BEAR,Written to signals CSV,"price=24931.25,netflow=1.88"
2025-11-18 04:16:30.000,PLOT,392,BULL,Triangle drawn on chart,netflow=0.50
2025-11-18 04:17:00.000,LOGGED,393,BULL,Written to signals CSV,"price=24928.75,netflow=0.50"
2025-11-18 04:17:00.000,PLOT,393,BEAR,Triangle drawn on chart,netflow=-1.00
2025-11-18 04:17:30.000,LOGGED,394,BEAR,Written to signals CSV,"price=24923.75,netflow=-1.00"
2025-11-18 04:21:30.000,PLOT,402,BULL,Triangle drawn on chart,netflow=1.50
2025-11-18 04:22:00.000,LOGGED,403,BULL,Written to signals CSV,"price=24933.25,netflow=1.50"
2025-11-18 04:22:00.000,PLOT,403,BEAR,Triangle drawn on chart,netflow=2.55
2025-11-18 04:22:30.000,LOGGED,404,BEAR,Written to signals CSV,"price=24933.75,netflow=2.55"
2025-11-18 04:22:30.000,PLOT,404,BULL,Triangle drawn on chart,netflow=2.14
2025-11-18 04:23:00.000,LOGGED,405,BULL,Written to signals CSV,"price=24931.00,netflow=2.14"
2025-11-18 04:26:00.000,PLOT,411,BEAR,Triangle drawn on chart,netflow=-2.50
2025-11-18 04:26:30.000,LOGGED,412,BEAR,Written to signals CSV,"price=24920.25,netflow=-2.50"
2025-11-18 04:32:30.000,PLOT,424,BULL,Triangle drawn on chart,netflow=2.19
2025-11-18 04:33:00.000,LOGGED,425,BULL,Written to signals CSV,"price=24929.25,netflow=2.19"
2025-11-18 04:33:00.000,PLOT,425,BEAR,Triangle drawn on chart,netflow=-2.00
2025-11-18 04:33:30.000,LOGGED,426,BEAR,Written to signals CSV,"price=24920.25,netflow=-2.00"
2025-11-18 06:35:30.000,PLOT,670,BULL,Triangle drawn on chart,netflow=0.88
2025-11-18 06:36:00.000,LOGGED,671,BULL,Written to signals CSV,"price=24685.00,netflow=0.88"
2025-11-18 06:36:00.000,PLOT,671,BEAR,Triangle drawn on chart,netflow=-0.55
2025-11-18 06:36:30.000,LOGGED,672,BEAR,Written to signals CSV,"price=24673.25,netflow=-0.55"
2025-11-18 06:44:00.000,PLOT,687,BULL,Triangle drawn on chart,netflow=1.34
2025-11-18 06:44:30.000,LOGGED,688,BULL,Written to signals CSV,"price=24691.00,netflow=1.34"
2025-11-18 06:47:00.000,PLOT,693,BEAR,Triangle drawn on chart,netflow=0.20
2025-11-18 06:47:30.000,LOGGED,694,BEAR,Written to signals CSV,"price=24684.25,netflow=0.20"
2025-11-18 06:49:00.000,PLOT,697,BULL,Triangle drawn on chart,netflow=1.67
2025-11-18 06:49:30.000,LOGGED,698,BULL,Written to signals CSV,"price=24694.25,netflow=1.67"
2025-11-18 06:49:30.000,PLOT,698,BEAR,Triangle drawn on chart,netflow=1.17
2025-11-18 06:50:00.000,LOGGED,699,BEAR,Written to signals CSV,"price=24693.50,netflow=1.17"
2025-11-18 06:51:00.000,PLOT,701,BULL,Triangle drawn on chart,netflow=2.06
2025-11-18 06:51:30.000,LOGGED,702,BULL,Written to signals CSV,"price=24712.50,netflow=2.06"
2025-11-18 07:03:00.000,PLOT,725,BEAR,Triangle drawn on chart,netflow=-2.00
2025-11-18 07:03:30.000,LOGGED,726,BEAR,Written to signals CSV,"price=24701.50,netflow=-2.00"
2025-11-18 07:08:30.000,PLOT,736,BULL,Triangle drawn on chart,netflow=2.66
2025-11-18 07:09:00.000,LOGGED,737,BULL,Written to signals CSV,"price=24746.50,netflow=2.66"
2025-11-18 07:17:00.000,PLOT,753,BEAR,Triangle drawn on chart,netflow=-0.18
2025-11-18 07:17:30.000,LOGGED,754,BEAR,Written to signals CSV,"price=24739.75,netflow=-0.18"
2025-11-18 07:17:30.000,PLOT,754,BULL,Triangle drawn on chart,netflow=-0.76
2025-11-18 07:18:00.000,LOGGED,755,BULL,Written to signals CSV,"price=24743.25,netflow=-0.76"
2025-11-18 07:18:30.000,PLOT,756,BEAR,Triangle drawn on chart,netflow=-1.16
2025-11-18 07:19:00.000,LOGGED,757,BEAR,Written to signals CSV,"price=24739.00,netflow=-1.16"
2025-11-18 07:19:00.000,PLOT,757,BULL,Triangle drawn on chart,netflow=-1.73
2025-11-18 07:19:30.000,LOGGED,758,BULL,Written to signals CSV,"price=24741.25,netflow=-1.73"
2025-11-18 07:19:30.000,PLOT,758,BEAR,Triangle drawn on chart,netflow=0.03
2025-11-18 07:20:00.000,LOGGED,759,BEAR,Written to signals CSV,"price=24749.00,netflow=0.03"
2025-11-18 07:20:00.000,PLOT,759,BULL,Triangle drawn on chart,netflow=0.29
2025-11-18 07:20:30.000,LOGGED,760,BULL,Written to signals CSV,"price=24753.50,netflow=0.29"
2025-11-18 07:22:00.000,PLOT,763,BEAR,Triangle drawn on chart,netflow=0.61
2025-11-18 07:22:30.000,LOGGED,764,BEAR,Written to signals CSV,"price=24756.50,netflow=0.61"
2025-11-18 07:22:30.000,PLOT,764,BULL,Triangle drawn on chart,netflow=-0.13
2025-11-18 07:23:00.000,LOGGED,765,BULL,Written to signals CSV,"price=24751.50,netflow=-0.13"
2025-11-18 07:24:30.000,PLOT,768,BEAR,Triangle drawn on chart,netflow=-1.13
2025-11-18 07:25:00.000,LOGGED,769,BEAR,Written to signals CSV,"price=24745.75,netflow=-1.13"
2025-11-18 07:36:00.000,PLOT,791,BULL,Triangle drawn on chart,netflow=3.00
2025-11-18 07:36:30.000,LOGGED,792,BULL,Written to signals CSV,"price=24740.75,netflow=3.00"
2025-11-18 07:37:00.000,PLOT,793,BEAR,Triangle drawn on chart,netflow=0.00
2025-11-18 07:37:30.000,LOGGED,794,BEAR,Written to signals CSV,"price=24739.50,netflow=0.00"
2025-11-18 07:37:30.000,PLOT,794,BULL,Triangle drawn on chart,netflow=-1.00
2025-11-18 07:38:00.000,LOGGED,795,BULL,Written to signals CSV,"price=24734.00,netflow=-1.00"
2025-11-18 07:38:00.000,PLOT,795,BEAR,Triangle drawn on chart,netflow=0.50
2025-11-18 07:38:30.000,LOGGED,796,BEAR,Written to signals CSV,"price=24737.50,netflow=0.50"
2025-11-18 07:40:00.000,PLOT,799,BULL,Triangle drawn on chart,netflow=0.50
2025-11-18 07:40:30.000,LOGGED,800,BULL,Written to signals CSV,"price=24736.00,netflow=0.50"
2025-11-18 07:40:30.000,PLOT,800,BEAR,Triangle drawn on chart,netflow=1.08
2025-11-18 07:41:00.000,LOGGED,801,BEAR,Written to signals CSV,"price=24740.25,netflow=1.08"
2025-11-18 07:42:30.000,PLOT,804,BULL,Triangle drawn on chart,netflow=1.64
2025-11-18 07:43:00.000,LOGGED,805,BULL,Written to signals CSV,"price=24742.00,netflow=1.64"
2025-11-18 07:53:00.000,PLOT,825,BEAR,Triangle drawn on chart,netflow=-2.00
2025-11-18 07:53:30.000,LOGGED,826,BEAR,Written to signals CSV,"price=24732.00,netflow=-2.00"
2025-11-18 08:15:30.000,PLOT,870,BULL,Triangle drawn on chart,netflow=1.65
2025-11-18 08:16:00.000,LOGGED,871,BULL,Written to signals CSV,"price=24724.75,netflow=1.65"
2025-11-18 08:16:00.000,PLOT,871,BEAR,Triangle drawn on chart,netflow=-1.08
2025-11-18 08:16:30.000,LOGGED,872,BEAR,Written to signals CSV,"price=24719.00,netflow=-1.08"
2025-11-18 08:17:00.000,PLOT,873,BULL,Triangle drawn on chart,netflow=1.45
2025-11-18 08:17:30.000,LOGGED,874,BULL,Written to signals CSV,"price=24731.25,netflow=1.45"
2025-11-18 08:21:00.000,PLOT,881,BEAR,Triangle drawn on chart,netflow=0.46
2025-11-18 08:21:30.000,LOGGED,882,BEAR,Written to signals CSV,"price=24731.50,netflow=0.46"
2025-11-18 08:56:00.000,PLOT,951,BULL,Triangle drawn on chart,netflow=3.74
2025-11-18 08:56:30.000,LOGGED,952,BULL,Written to signals CSV,"price=24677.75,netflow=3.74"
2025-11-18 08:58:00.000,PLOT,955,BEAR,Triangle drawn on chart,netflow=1.84
2025-11-18 08:58:30.000,LOGGED,956,BEAR,Written to signals CSV,"price=24656.50,netflow=1.84"
2025-11-18 09:23:00.000,PLOT,1005,BULL,Triangle drawn on chart,netflow=3.68
2025-11-18 09:23:30.000,LOGGED,1006,BULL,Written to signals CSV,"price=24654.25,netflow=3.68"
2025-11-18 09:52:00.000,PLOT,1063,BEAR,Triangle drawn on chart,netflow=-2.50
2025-11-18 09:52:30.000,LOGGED,1064,BEAR,Written to signals CSV,"price=24711.50,netflow=-2.50"
2025-11-18 10:01:00.000,PLOT,1081,BULL,Triangle drawn on chart,netflow=4.52
2025-11-18 10:01:30.000,LOGGED,1082,BULL,Written to signals CSV,"price=24727.25,netflow=4.52"
2025-11-18 10:47:30.000,PLOT,1174,BEAR,Triangle drawn on chart,netflow=2.00
2025-11-18 10:48:00.000,LOGGED,1175,BEAR,Written to signals CSV,"price=24803.00,netflow=2.00"
2025-11-18 10:56:00.000,PLOT,1191,BULL,Triangle drawn on chart,netflow=1.50
2025-11-18 10:56:30.000,LOGGED,1192,BULL,Written to signals CSV,"price=24793.50,netflow=1.50"
2025-11-18 10:56:30.000,PLOT,1192,BEAR,Triangle drawn on chart,netflow=2.00
2025-11-18 10:57:00.000,LOGGED,1193,BEAR,Written to signals CSV,"price=24804.50,netflow=2.00"
2025-11-18 10:57:00.000,PLOT,1193,BULL,Triangle drawn on chart,netflow=2.00
2025-11-18 10:57:30.000,LOGGED,1194,BULL,Written to signals CSV,"price=24807.50,netflow=2.00"
2025-11-18 11:01:00.000,PLOT,1201,BEAR,Triangle drawn on chart,netflow=4.78
2025-11-18 11:01:30.000,LOGGED,1202,BEAR,Written to signals CSV,"price=24812.00,netflow=4.78"
2025-11-18 11:01:30.000,PLOT,1202,BULL,Triangle drawn on chart,netflow=2.03
2025-11-18 11:02:00.000,LOGGED,1203,BULL,Written to signals CSV,"price=24795.25,netflow=2.03"
2025-11-18 11:02:00.000,PLOT,1203,BEAR,Triangle drawn on chart,netflow=0.50
2025-11-18 11:02:30.000,LOGGED,1204,BEAR,Written to signals CSV,"price=24786.00,netflow=0.50"
2025-11-18 11:05:30.000,PLOT,1210,BULL,Triangle drawn on chart,netflow=2.00
2025-11-18 11:06:00.000,LOGGED,1211,BULL,Written to signals CSV,"price=24800.50,netflow=2.00"
2025-11-18 11:06:00.000,PLOT,1211,BEAR,Triangle drawn on chart,netflow=1.50
2025-11-18 11:06:30.000,LOGGED,1212,BEAR,Written to signals CSV,"price=24799.75,netflow=1.50"
2025-11-18 11:08:00.000,PLOT,1215,BULL,Triangle drawn on chart,netflow=3.05
2025-11-18 11:08:30.000,LOGGED,1216,BULL,Written to signals CSV,"price=24803.00,netflow=3.05"
2025-11-18 11:08:30.000,PLOT,1216,BEAR,Triangle drawn on chart,netflow=1.50
2025-11-18 11:09:00.000,LOGGED,1217,BEAR,Written to signals CSV,"price=24797.50,netflow=1.50"
2025-11-18 11:09:00.000,PLOT,1217,BULL,Triangle drawn on chart,netflow=3.71
2025-11-18 11:09:30.000,LOGGED,1218,BULL,Written to signals CSV,"price=24805.00,netflow=3.71"
2025-11-18 11:10:00.000,PLOT,1219,BEAR,Triangle drawn on chart,netflow=3.56
2025-11-18 11:10:30.000,LOGGED,1220,BEAR,Written to signals CSV,"price=24799.00,netflow=3.56"
2025-11-18 11:12:00.000,PLOT,1223,BULL,Triangle drawn on chart,netflow=3.57
2025-11-18 11:12:30.000,LOGGED,1224,BULL,Written to signals CSV,"price=24804.25,netflow=3.57"
2025-11-18 11:12:30.000,PLOT,1224,BEAR,Triangle drawn on chart,netflow=4.01
2025-11-18 11:13:00.000,LOGGED,1225,BEAR,Written to signals CSV,"price=24811.50,netflow=4.01"
2025-11-18 11:13:00.000,PLOT,1225,BULL,Triangle drawn on chart,netflow=4.05
2025-11-18 11:13:30.000,LOGGED,1226,BULL,Written to signals CSV,"price=24808.75,netflow=4.05"
2025-11-18 11:13:30.000,PLOT,1226,BEAR,Triangle drawn on chart,netflow=4.09
2025-11-18 11:14:00.000,LOGGED,1227,BEAR,Written to signals CSV,"price=24807.50,netflow=4.09"
2025-11-18 11:14:00.000,PLOT,1227,BULL,Triangle drawn on chart,netflow=4.25
2025-11-18 11:14:30.000,LOGGED,1228,BULL,Written to signals CSV,"price=24809.75,netflow=4.25"
2025-11-18 11:23:00.000,PLOT,1245,BEAR,Triangle drawn on chart,netflow=0.50
2025-11-18 11:23:30.000,LOGGED,1246,BEAR,Written to signals CSV,"price=24805.75,netflow=0.50"
2025-11-18 11:33:30.000,PLOT,1266,BULL,Triangle drawn on chart,netflow=2.50
2025-11-18 11:34:00.000,LOGGED,1267,BULL,Written to signals CSV,"price=24802.25,netflow=2.50"
2025-11-18 11:34:00.000,PLOT,1267,BEAR,Triangle drawn on chart,netflow=3.55
2025-11-18 11:34:30.000,LOGGED,1268,BEAR,Written to signals CSV,"price=24814.00,netflow=3.55"
2025-11-18 11:34:30.000,PLOT,1268,BULL,Triangle drawn on chart,netflow=3.48
2025-11-18 11:35:00.000,LOGGED,1269,BULL,Written to signals CSV,"price=24816.50,netflow=3.48"
2025-11-18 11:35:30.000,PLOT,1270,BEAR,Triangle drawn on chart,netflow=2.00
2025-11-18 11:36:00.000,LOGGED,1271,BEAR,Written to signals CSV,"price=24800.00,netflow=2.00"
2025-11-18 11:45:30.000,PLOT,1290,BULL,Triangle drawn on chart,netflow=2.20
2025-11-18 11:46:00.000,LOGGED,1291,BULL,Written to signals CSV,"price=24799.00,netflow=2.20"
2025-11-18 11:49:00.000,PLOT,1297,BEAR,Triangle drawn on chart,netflow=1.34
2025-11-18 11:49:30.000,LOGGED,1298,BEAR,Written to signals CSV,"price=24788.75,netflow=1.34"
2025-11-18 11:50:00.000,PLOT,1299,BULL,Triangle drawn on chart,netflow=1.47
2025-11-18 11:50:30.000,LOGGED,1300,BULL,Written to signals CSV,"price=24794.25,netflow=1.47"
2025-11-18 12:09:30.000,PLOT,1338,BEAR,Triangle drawn on chart,netflow=2.00
2025-11-18 12:10:00.000,LOGGED,1339,BEAR,Written to signals CSV,"price=24809.75,netflow=2.00"
2025-11-18 12:19:00.000,PLOT,1357,BULL,Triangle drawn on chart,netflow=0.50
2025-11-18 12:19:30.000,LOGGED,1358,BULL,Written to signals CSV,"price=24812.75,netflow=0.50"
2025-11-18 12:19:30.000,PLOT,1358,BEAR,Triangle drawn on chart,netflow=3.63
2025-11-18 12:20:00.000,LOGGED,1359,BEAR,Written to signals CSV,"price=24819.25,netflow=3.63"
2025-11-18 12:20:00.000,PLOT,1359,BULL,Triangle drawn on chart,netflow=4.58
2025-11-18 12:20:30.000,LOGGED,1360,BULL,Written to signals CSV,"price=24813.50,netflow=4.58"
2025-11-18 12:21:00.000,PLOT,1361,BEAR,Triangle drawn on chart,netflow=2.63
2025-11-18 12:21:30.000,LOGGED,1362,BEAR,Written to signals CSV,"price=24810.50,netflow=2.63"
2025-11-18 12:31:30.000,PLOT,1382,BULL,Triangle drawn on chart,netflow=3.90
2025-11-18 12:32:00.000,LOGGED,1383,BULL,Written to signals CSV,"price=24813.50,netflow=3.90"
2025-11-18 12:40:30.000,PLOT,1400,BEAR,Triangle drawn on chart,netflow=0.50
2025-11-18 12:41:00.000,LOGGED,1401,BEAR,Written to signals CSV,"price=24792.00,netflow=0.50"
2025-11-18 12:45:00.000,PLOT,1409,BULL,Triangle drawn on chart,netflow=2.00
2025-11-18 12:45:30.000,LOGGED,1410,BULL,Written to signals CSV,"price=24805.00,netflow=2.00"
2025-11-18 13:09:00.000,PLOT,1457,BEAR,Triangle drawn on chart,netflow=-1.50
2025-11-18 13:09:30.000,LOGGED,1458,BEAR,Written to signals CSV,"price=24809.50,netflow=-1.50"
2025-11-18 13:23:30.000,PLOT,1486,BULL,Triangle drawn on chart,netflow=2.50
2025-11-18 13:24:00.000,LOGGED,1487,BULL,Written to signals CSV,"price=24800.50,netflow=2.50"
2025-11-18 13:28:00.000,PLOT,1495,BEAR,Triangle drawn on chart,netflow=2.61
2025-11-18 13:28:30.000,LOGGED,1496,BEAR,Written to signals CSV,"price=24793.75,netflow=2.61"
2025-11-18 13:30:00.000,PLOT,1499,BULL,Triangle drawn on chart,netflow=3.37
2025-11-18 13:30:30.000,LOGGED,1500,BULL,Written to signals CSV,"price=24805.00,netflow=3.37"
2025-11-18 13:30:30.000,PLOT,1500,BEAR,Triangle drawn on chart,netflow=2.05
2025-11-18 13:31:00.000,LOGGED,1501,BEAR,Written to signals CSV,"price=24797.50,netflow=2.05"
2025-11-18 13:32:00.000,PLOT,1503,BULL,Triangle drawn on chart,netflow=3.03
2025-11-18 13:32:30.000,LOGGED,1504,BULL,Written to signals CSV,"price=24799.25,netflow=3.03"
2025-11-18 13:32:30.000,PLOT,1504,BEAR,Triangle drawn on chart,netflow=2.56
2025-11-18 13:33:00.000,LOGGED,1505,BEAR,Written to signals CSV,"price=24799.50,netflow=2.56"
2025-11-18 13:33:00.000,PLOT,1505,BULL,Triangle drawn on chart,netflow=0.50
2025-11-18 13:33:30.000,LOGGED,1506,BULL,Written to signals CSV,"price=24794.75,netflow=0.50"
2025-11-18 13:33:30.000,PLOT,1506,BEAR,Triangle drawn on chart,netflow=1.50
2025-11-18 13:34:00.000,LOGGED,1507,BEAR,Written to signals CSV,"price=24788.00,netflow=1.50"
2025-11-18 13:43:30.000,PLOT,1526,BULL,Triangle drawn on chart,netflow=1.56
2025-11-18 13:44:00.000,LOGGED,1527,BULL,Written to signals CSV,"price=24785.00,netflow=1.56"
2025-11-18 13:44:30.000,PLOT,1528,BEAR,Triangle drawn on chart,netflow=-2.00
2025-11-18 13:45:00.000,LOGGED,1529,BEAR,Written to signals CSV,"price=24777.25,netflow=-2.00"
2025-11-18 13:48:30.000,PLOT,1536,BULL,Triangle drawn on chart,netflow=2.26
2025-11-18 13:49:00.000,LOGGED,1537,BULL,Written to signals CSV,"price=24787.00,netflow=2.26"
2025-11-18 13:49:00.000,PLOT,1537,BEAR,Triangle drawn on chart,netflow=1.85
2025-11-18 13:49:30.000,LOGGED,1538,BEAR,Written to signals CSV,"price=24784.25,netflow=1.85"
2025-11-18 13:49:30.000,PLOT,1538,BULL,Triangle drawn on chart,netflow=1.96
2025-11-18 13:50:00.000,LOGGED,1539,BULL,Written to signals CSV,"price=24784.25,netflow=1.96"
2025-11-18 13:50:00.000,PLOT,1539,BEAR,Triangle drawn on chart,netflow=-2.50
2025-11-18 13:50:30.000,LOGGED,1540,BEAR,Written to signals CSV,"price=24774.25,netflow=-2.50"
2025-11-18 13:56:00.000,PLOT,1551,BULL,Triangle drawn on chart,netflow=3.38
2025-11-18 13:56:30.000,LOGGED,1552,BULL,Written to signals CSV,"price=24791.75,netflow=3.38"
2025-11-18 13:57:30.000,PLOT,1554,BEAR,Triangle drawn on chart,netflow=2.68
2025-11-18 13:58:00.000,LOGGED,1555,BEAR,Written to signals CSV,"price=24789.50,netflow=2.68"
2025-11-18 13:58:00.000,PLOT,1555,BULL,Triangle drawn on chart,netflow=3.93
2025-11-18 13:58:30.000,LOGGED,1556,BULL,Written to signals CSV,"price=24793.00,netflow=3.93"
2025-11-18 14:01:30.000,PLOT,1562,BEAR,Triangle drawn on chart,netflow=-1.59
2025-11-18 14:02:00.000,LOGGED,1563,BEAR,Written to signals CSV,"price=24777.25,netflow=-1.59"
2025-11-18 14:19:30.000,PLOT,1598,BULL,Triangle drawn on chart,netflow=1.33
2025-11-18 14:20:00.000,LOGGED,1599,BULL,Written to signals CSV,"price=24748.25,netflow=1.33"
2025-11-18 14:24:00.000,PLOT,1607,BEAR,Triangle drawn on chart,netflow=-0.10
2025-11-18 14:24:30.000,LOGGED,1608,BEAR,Written to signals CSV,"price=24750.00,netflow=-0.10"
2025-11-18 14:37:30.000,PLOT,1634,BULL,Triangle drawn on chart,netflow=1.21
2025-11-18 14:38:00.000,LOGGED,1635,BULL,Written to signals CSV,"price=24749.25,netflow=1.21"
2025-11-18 14:40:30.000,PLOT,1640,BEAR,Triangle drawn on chart,netflow=1.58
2025-11-18 14:41:00.000,LOGGED,1641,BEAR,Written to signals CSV,"price=24749.00,netflow=1.58"
2025-11-18 14:41:00.000,PLOT,1641,BULL,Triangle drawn on chart,netflow=1.43
2025-11-18 14:41:30.000,LOGGED,1642,BULL,Written to signals CSV,"price=24746.50,netflow=1.43"
2025-11-18 14:41:30.000,PLOT,1642,BEAR,Triangle drawn on chart,netflow=-0.12
2025-11-18 14:42:00.000,LOGGED,1643,BEAR,Written to signals CSV,"price=24737.00,netflow=-0.12"
2025-11-18 15:02:30.000,PLOT,1684,BULL,Triangle drawn on chart,netflow=2.77
2025-11-18 15:03:00.000,LOGGED,1685,BULL,Written to signals CSV,"price=24721.25,netflow=2.77"
2025-11-18 15:19:00.000,PLOT,1717,BEAR,Triangle drawn on chart,netflow=-1.28
2025-11-18 15:19:30.000,LOGGED,1718,BEAR,Written to signals CSV,"price=24746.25,netflow=-1.28"
2025-11-18 15:31:30.000,PLOT,1742,BULL,Triangle drawn on chart,netflow=2.00
2025-11-18 15:32:00.000,LOGGED,1743,BULL,Written to signals CSV,"price=24737.25,netflow=2.00"
2025-11-18 15:38:30.000,PLOT,1756,BEAR,Triangle drawn on chart,netflow=0.00
2025-11-18 15:39:00.000,LOGGED,1757,BEAR,Written to signals CSV,"price=24712.25,netflow=0.00"
2025-11-18 15:39:30.000,PLOT,1758,BULL,Triangle drawn on chart,netflow=1.50
2025-11-18 15:40:00.000,LOGGED,1759,BULL,Written to signals CSV,"price=24733.75,netflow=1.50"
2025-11-18 16:26:00.000,PLOT,1851,BEAR,Triangle drawn on chart,netflow=-2.00
2025-11-18 16:26:30.000,LOGGED,1852,BEAR,Written to signals CSV,"price=24696.75,netflow=-2.00"
2025-11-18 16:31:00.000,PLOT,1861,BULL,Triangle drawn on chart,netflow=4.51
2025-11-18 16:31:30.000,LOGGED,1862,BULL,Written to signals CSV,"price=24748.00,netflow=4.51"
2025-11-18 16:32:00.000,PLOT,1863,BEAR,Triangle drawn on chart,netflow=-2.00
2025-11-18 16:32:30.000,LOGGED,1864,BEAR,Written to signals CSV,"price=24683.50,netflow=-2.00"
2025-11-18 16:33:00.000,PLOT,1865,BULL,Triangle drawn on chart,netflow=3.19
2025-11-18 16:33:30.000,LOGGED,1866,BULL,Written to signals CSV,"price=24750.50,netflow=3.19"
2025-11-18 16:42:30.000,PLOT,1884,BEAR,Triangle drawn on chart,netflow=-3.00
2025-11-18 16:43:00.000,LOGGED,1885,BEAR,Written to signals CSV,"price=24703.75,netflow=-3.00"
2025-11-18 16:46:30.000,PLOT,1892,BULL,Triangle drawn on chart,netflow=1.50
2025-11-18 16:47:00.000,LOGGED,1893,BULL,Written to signals CSV,"price=24716.50,netflow=1.50"
2025-11-18 16:47:00.000,PLOT,1893,BEAR,Triangle drawn on chart,netflow=-2.00
2025-11-18 16:47:30.000,LOGGED,1894,BEAR,Written to signals CSV,"price=24687.75,netflow=-2.00"
2025-11-18 17:09:30.000,PLOT,1938,BULL,Triangle drawn on chart,netflow=-0.15
2025-11-18 17:10:00.000,LOGGED,1939,BULL,Written to signals CSV,"price=24549.75,netflow=-0.15"
2025-11-18 17:11:30.000,PLOT,1942,BEAR,Triangle drawn on chart,netflow=-1.04
2025-11-18 17:12:00.000,LOGGED,1943,BEAR,Written to signals CSV,"price=24524.50,netflow=-1.04"
2025-11-18 17:15:30.000,PLOT,1950,BULL,Triangle drawn on chart,netflow=-0.88
2025-11-18 17:16:00.000,LOGGED,1951,BULL,Written to signals CSV,"price=24528.00,netflow=-0.88"
2025-11-18 17:16:00.000,PLOT,1951,BEAR,Triangle drawn on chart,netflow=-3.00
2025-11-18 17:16:30.000,LOGGED,1952,BEAR,Written to signals CSV,"price=24497.75,netflow=-3.00"
2025-11-18 17:21:00.000,PLOT,1961,BULL,Triangle drawn on chart,netflow=-1.00
2025-11-18 17:21:30.000,LOGGED,1962,BULL,Written to signals CSV,"price=24526.75,netflow=-1.00"
2025-11-18 17:29:00.000,PLOT,1977,BEAR,Triangle drawn on chart,netflow=-0.85
2025-11-18 17:29:30.000,LOGGED,1978,BEAR,Written to signals CSV,"price=24561.75,netflow=-0.85"
2025-11-18 17:29:30.000,PLOT,1978,BULL,Triangle drawn on chart,netflow=-0.48
2025-11-18 17:30:00.000,LOGGED,1979,BULL,Written to signals CSV,"price=24562.75,netflow=-0.48"
2025-11-18 17:30:00.000,PLOT,1979,BEAR,Triangle drawn on chart,netflow=-1.27
2025-11-18 17:30:30.000,LOGGED,1980,BEAR,Written to signals CSV,"price=24551.75,netflow=-1.27"
2025-11-18 17:31:00.000,PLOT,1981,BULL,Triangle drawn on chart,netflow=-1.47
2025-11-18 17:31:30.000,LOGGED,1982,BULL,Written to signals CSV,"price=24560.00,netflow=-1.47"
2025-11-18 17:31:30.000,PLOT,1982,BEAR,Triangle drawn on chart,netflow=0.18
2025-11-18 17:32:00.000,LOGGED,1983,BEAR,Written to signals CSV,"price=24573.25,netflow=0.18"
2025-11-18 17:32:00.000,PLOT,1983,BULL,Triangle drawn on chart,netflow=-1.63
2025-11-18 17:32:30.000,LOGGED,1984,BULL,Written to signals CSV,"price=24552.75,netflow=-1.63"
2025-11-18 17:32:30.000,PLOT,1984,BEAR,Triangle drawn on chart,netflow=-3.00
2025-11-18 17:33:00.000,LOGGED,1985,BEAR,Written to signals CSV,"price=24522.25,netflow=-3.00"
2025-11-18 17:33:30.000,PLOT,1986,BULL,Triangle drawn on chart,netflow=-0.06
2025-11-18 17:34:00.000,LOGGED,1987,BULL,Written to signals CSV,"price=24578.50,netflow=-0.06"
2025-11-18 17:34:00.000,PLOT,1987,BEAR,Triangle drawn on chart,netflow=-0.57
2025-11-18 17:34:30.000,LOGGED,1988,BEAR,Written to signals CSV,"price=24570.75,netflow=-0.57"
2025-11-18 17:34:30.000,PLOT,1988,BULL,Triangle drawn on chart,netflow=-1.91
2025-11-18 17:35:00.000,LOGGED,1989,BULL,Written to signals CSV,"price=24546.50,netflow=-1.91"
2025-11-18 17:35:00.000,PLOT,1989,BEAR,Triangle drawn on chart,netflow=-2.00
2025-11-18 17:35:30.000,LOGGED,1990,BEAR,Written to signals CSV,"price=24507.50,netflow=-2.00"
2025-11-18 17:57:00.000,PLOT,2033,BULL,Triangle drawn on chart,netflow=1.12
2025-11-18 17:57:30.000,LOGGED,2034,BULL,Written to signals CSV,"price=24509.00,netflow=1.12"
2025-11-18 17:57:30.000,PLOT,2034,BEAR,Triangle drawn on chart,netflow=-1.35
2025-11-18 17:58:00.000,LOGGED,2035,BEAR,Written to signals CSV,"price=24477.75,netflow=-1.35"
2025-11-18 18:10:00.000,PLOT,2059,BULL,Triangle drawn on chart,netflow=0.60
2025-11-18 18:10:30.000,LOGGED,2060,BULL,Written to signals CSV,"price=24485.00,netflow=0.60"
2025-11-18 18:16:30.000,PLOT,2072,BEAR,Triangle drawn on chart,netflow=-0.14
2025-11-18 18:17:00.000,LOGGED,2073,BEAR,Written to signals CSV,"price=24509.25,netflow=-0.14"
2025-11-18 18:17:00.000,PLOT,2073,BULL,Triangle drawn on chart,netflow=-0.26
2025-11-18 18:17:30.000,LOGGED,2074,BULL,Written to signals CSV,"price=24512.50,netflow=-0.26"
2025-11-18 18:17:30.000,PLOT,2074,BEAR,Triangle drawn on chart,netflow=-0.23
2025-11-18 18:18:00.000,LOGGED,2075,BEAR,Written to signals CSV,"price=24521.75,netflow=-0.23"
2025-11-18 18:18:00.000,PLOT,2075,BULL,Triangle drawn on chart,netflow=-0.47
2025-11-18 18:18:30.000,LOGGED,2076,BULL,Written to signals CSV,"price=24511.50,netflow=-0.47"
2025-11-18 18:18:30.000,PLOT,2076,BEAR,Triangle drawn on chart,netflow=-1.07
2025-11-18 18:19:00.000,LOGGED,2077,BEAR,Written to signals CSV,"price=24512.50,netflow=-1.07"
2025-11-18 18:19:00.000,PLOT,2077,BULL,Triangle drawn on chart,netflow=-1.05
2025-11-18 18:19:30.000,LOGGED,2078,BULL,Written to signals CSV,"price=24519.50,netflow=-1.05"
2025-11-18 18:41:00.000,PLOT,2121,BEAR,Triangle drawn on chart,netflow=1.91
2025-11-18 18:41:30.000,LOGGED,2122,BEAR,Written to signals CSV,"price=24642.25,netflow=1.91"
2025-11-18 18:41:30.000,PLOT,2122,BULL,Triangle drawn on chart,netflow=1.94
2025-11-18 18:42:00.000,LOGGED,2123,BULL,Written to signals CSV,"price=24652.75,netflow=1.94"
2025-11-18 18:42:00.000,PLOT,2123,BEAR,Triangle drawn on chart,netflow=1.66
2025-11-18 18:42:30.000,LOGGED,2124,BEAR,Written to signals CSV,"price=24642.75,netflow=1.66"
2025-11-18 18:42:30.000,PLOT,2124,BULL,Triangle drawn on chart,netflow=2.26
2025-11-18 18:43:00.000,LOGGED,2125,BULL,Written to signals CSV,"price=24654.00,netflow=2.26"
2025-11-18 18:48:00.000,PLOT,2135,BEAR,Triangle drawn on chart,netflow=-2.50
2025-11-18 18:48:30.000,LOGGED,2136,BEAR,Written to signals CSV,"price=24636.50,netflow=-2.50"
2025-11-18 18:49:30.000,PLOT,2138,BULL,Triangle drawn on chart,netflow=2.50
2025-11-18 18:50:00.000,LOGGED,2139,BULL,Written to signals CSV,"price=24669.50,netflow=2.50"
2025-11-18 18:50:30.000,PLOT,2140,BEAR,Triangle drawn on chart,netflow=-0.50
2025-11-18 18:51:00.000,LOGGED,2141,BEAR,Written to signals CSV,"price=24645.50,netflow=-0.50"
2025-11-18 18:52:00.000,PLOT,2143,BULL,Triangle drawn on chart,netflow=-2.50
2025-11-18 18:52:30.000,LOGGED,2144,BULL,Written to signals CSV,"price=24639.00,netflow=-2.50"
2025-11-18 18:52:30.000,PLOT,2144,BEAR,Triangle drawn on chart,netflow=-2.50
2025-11-18 18:53:00.000,LOGGED,2145,BEAR,Written to signals CSV,"price=24626.00,netflow=-2.50"
2025-11-18 18:55:30.000,PLOT,2150,BULL,Triangle drawn on chart,netflow=2.00
2025-11-18 18:56:00.000,LOGGED,2151,BULL,Written to signals CSV,"price=24654.25,netflow=2.00"
2025-11-18 18:59:30.000,PLOT,2158,BEAR,Triangle drawn on chart,netflow=-0.88
2025-11-18 19:00:00.000,LOGGED,2159,BEAR,Written to signals CSV,"price=24636.75,netflow=-0.88"
2025-11-18 19:01:00.000,PLOT,2161,BULL,Triangle drawn on chart,netflow=2.55
2025-11-18 19:01:30.000,LOGGED,2162,BULL,Written to signals CSV,"price=24672.75,netflow=2.55"
2025-11-18 19:06:00.000,PLOT,2171,BEAR,Triangle drawn on chart,netflow=0.00
2025-11-18 19:06:30.000,LOGGED,2172,BEAR,Written to signals CSV,"price=24648.75,netflow=0.00"
2025-11-18 19:39:30.000,PLOT,2238,BULL,Triangle drawn on chart,netflow=3.00
2025-11-18 19:40:00.000,LOGGED,2239,BULL,Written to signals CSV,"price=24616.25,netflow=3.00"
2025-11-18 20:16:00.000,PLOT,2311,BEAR,Triangle drawn on chart,netflow=-1.50
2025-11-18 20:16:30.000,LOGGED,2312,BEAR,Written to signals CSV,"price=24736.50,netflow=-1.50"
2025-11-18 20:19:30.000,PLOT,2318,BULL,Triangle drawn on chart,netflow=0.50
2025-11-18 20:20:00.000,LOGGED,2319,BULL,Written to signals CSV,"price=24758.25,netflow=0.50"
2025-11-18 20:20:00.000,PLOT,2319,BEAR,Triangle drawn on chart,netflow=-2.50
2025-11-18 20:20:30.000,LOGGED,2320,BEAR,Written to signals CSV,"price=24752.50,netflow=-2.50"
2025-11-18 20:20:30.000,PLOT,2320,BULL,Triangle drawn on chart,netflow=0.50
2025-11-18 20:21:00.000,LOGGED,2321,BULL,Written to signals CSV,"price=24766.25,netflow=0.50"
2025-11-18 20:21:00.000,PLOT,2321,BEAR,Triangle drawn on chart,netflow=-2.50
2025-11-18 20:21:30.000,LOGGED,2322,BEAR,Written to signals CSV,"price=24745.00,netflow=-2.50"
2025-11-18 20:23:30.000,PLOT,2326,BULL,Triangle drawn on chart,netflow=1.00
2025-11-18 20:24:00.000,LOGGED,2327,BULL,Written to signals CSV,"price=24766.50,netflow=1.00"
2025-11-18 20:25:00.000,PLOT,2329,BEAR,Triangle drawn on chart,netflow=2.30
2025-11-18 20:25:30.000,LOGGED,2330,BEAR,Written to signals CSV,"price=24766.00,netflow=2.30"
2025-11-18 20:25:30.000,PLOT,2330,BULL,Triangle drawn on chart,netflow=2.39
2025-11-18 20:26:00.000,LOGGED,2331,BULL,Written to signals CSV,"price=24767.50,netflow=2.39"
2025-11-18 20:26:00.000,PLOT,2331,BEAR,Triangle drawn on chart,netflow=0.63
2025-11-18 20:26:30.000,LOGGED,2332,BEAR,Written to signals CSV,"price=24755.00,netflow=0.63"
2025-11-18 20:28:00.000,PLOT,2335,BULL,Triangle drawn on chart,netflow=2.22
2025-11-18 20:28:30.000,LOGGED,2336,BULL,Written to signals CSV,"price=24775.50,netflow=2.22"
2025-11-18 20:29:00.000,PLOT,2337,BEAR,Triangle drawn on chart,netflow=2.27
2025-11-18 20:29:30.000,LOGGED,2338,BEAR,Written to signals CSV,"price=24763.75,netflow=2.27"
2025-11-18 20:31:00.000,PLOT,2341,BULL,Triangle drawn on chart,netflow=0.00
2025-11-18 20:31:30.000,LOGGED,2342,BULL,Written to signals CSV,"price=24764.50,netflow=0.00"
2025-11-18 20:31:30.000,PLOT,2342,BEAR,Triangle drawn on chart,netflow=0.50
2025-11-18 20:32:00.000,LOGGED,2343,BEAR,Written to signals CSV,"price=24755.25,netflow=0.50"
2025-11-18 20:33:00.000,PLOT,2345,BULL,Triangle drawn on chart,netflow=2.10
2025-11-18 20:33:30.000,LOGGED,2346,BULL,Written to signals CSV,"price=24762.75,netflow=2.10"
2025-11-18 20:37:00.000,PLOT,2353,BEAR,Triangle drawn on chart,netflow=-2.00
2025-11-18 20:37:30.000,LOGGED,2354,BEAR,Written to signals CSV,"price=24741.00,netflow=-2.00"
2025-11-18 20:40:00.000,PLOT,2359,BULL,Triangle drawn on chart,netflow=-1.50
2025-11-18 20:40:30.000,LOGGED,2360,BULL,Written to signals CSV,"price=24747.00,netflow=-1.50"
2025-11-18 20:40:30.000,PLOT,2360,BEAR,Triangle drawn on chart,netflow=0.50
2025-11-18 20:41:00.000,LOGGED,2361,BEAR,Written to signals CSV,"price=24754.00,netflow=0.50"
2025-11-18 20:41:00.000,PLOT,2361,BULL,Triangle drawn on chart,netflow=2.73
2025-11-18 20:41:30.000,LOGGED,2362,BULL,Written to signals CSV,"price=24775.25,netflow=2.73"
2025-11-18 20:44:00.000,PLOT,2367,BEAR,Triangle drawn on chart,netflow=-1.85
2025-11-18 20:44:30.000,LOGGED,2368,BEAR,Written to signals CSV,"price=24740.75,netflow=-1.85"
2025-11-18 20:47:30.000,PLOT,2374,BULL,Triangle drawn on chart,netflow=1.53
2025-11-18 20:48:00.000,LOGGED,2375,BULL,Written to signals CSV,"price=24763.75,netflow=1.53"
2025-11-18 20:48:00.000,PLOT,2375,BEAR,Triangle drawn on chart,netflow=1.56
2025-11-18 20:48:30.000,LOGGED,2376,BEAR,Written to signals CSV,"price=24763.50,netflow=1.56"
2025-11-18 20:48:30.000,PLOT,2376,BULL,Triangle drawn on chart,netflow=1.57
2025-11-18 20:49:00.000,LOGGED,2377,BULL,Written to signals CSV,"price=24762.75,netflow=1.57"
2025-11-18 20:49:00.000,PLOT,2377,BEAR,Triangle drawn on chart,netflow=-2.50
2025-11-18 20:49:30.000,LOGGED,2378,BEAR,Written to signals CSV,"price=24749.25,netflow=-2.50"
2025-11-18 20:50:30.000,PLOT,2380,BULL,Triangle drawn on chart,netflow=2.06
2025-11-18 20:51:00.000,LOGGED,2381,BULL,Written to signals CSV,"price=24769.25,netflow=2.06"
2025-11-18 20:51:00.000,PLOT,2381,BEAR,Triangle drawn on chart,netflow=2.17
2025-11-18 20:51:30.000,LOGGED,2382,BEAR,Written to signals CSV,"price=24768.75,netflow=2.17"
2025-11-18 20:51:30.000,PLOT,2382,BULL,Triangle drawn on chart,netflow=2.24
2025-11-18 20:52:00.000,LOGGED,2383,BULL,Written to signals CSV,"price=24768.00,netflow=2.24"
2025-11-18 20:56:30.000,PLOT,2392,BEAR,Triangle drawn on chart,netflow=-1.50
2025-11-18 20:57:00.000,LOGGED,2393,BEAR,Written to signals CSV,"price=24736.00,netflow=-1.50"
2025-11-18 21:10:30.000,PLOT,2420,BULL,Triangle drawn on chart,netflow=3.37
2025-11-18 21:11:00.000,LOGGED,2421,BULL,Written to signals CSV,"price=24749.25,netflow=3.37"
2025-11-18 21:11:00.000,PLOT,2421,BEAR,Triangle drawn on chart,netflow=3.53
2025-11-18 21:11:30.000,LOGGED,2422,BEAR,Written to signals CSV,"price=24749.00,netflow=3.53"
2025-11-18 21:11:30.000,PLOT,2422,BULL,Triangle drawn on chart,netflow=1.38
2025-11-18 21:12:00.000,LOGGED,2423,BULL,Written to signals CSV,"price=24738.25,netflow=1.38"
2025-11-18 21:12:00.000,PLOT,2423,BEAR,Triangle drawn on chart,netflow=-0.69
2025-11-18 21:12:30.000,LOGGED,2424,BEAR,Written to signals CSV,"price=24735.50,netflow=-0.69"
2025-11-18 21:12:30.000,PLOT,2424,BULL,Triangle drawn on chart,netflow=-0.24
2025-11-18 21:13:00.000,LOGGED,2425,BULL,Written to signals CSV,"price=24734.50,netflow=-0.24"
2025-11-18 21:13:00.000,PLOT,2425,BEAR,Triangle drawn on chart,netflow=3.61
2025-11-18 21:13:30.000,LOGGED,2426,BEAR,Written to signals CSV,"price=24749.75,netflow=3.61"
2025-11-18 21:13:30.000,PLOT,2426,BULL,Triangle drawn on chart,netflow=3.60
2025-11-18 21:14:00.000,LOGGED,2427,BULL,Written to signals CSV,"price=24745.50,netflow=3.60"
2025-11-18 21:14:00.000,PLOT,2427,BEAR,Triangle drawn on chart,netflow=2.79
2025-11-18 21:14:30.000,LOGGED,2428,BEAR,Written to signals CSV,"price=24752.75,netflow=2.79"
2025-11-18 21:14:30.000,PLOT,2428,BULL,Triangle drawn on chart,netflow=2.53
2025-11-18 21:15:00.000,LOGGED,2429,BULL,Written to signals CSV,"price=24760.25,netflow=2.53"
2025-11-18 21:16:00.000,PLOT,2431,BEAR,Triangle drawn on chart,netflow=1.35
2025-11-18 21:16:30.000,LOGGED,2432,BEAR,Written to signals CSV,"price=24745.75,netflow=1.35"
2025-11-18 21:20:30.000,PLOT,2440,BULL,Triangle drawn on chart,netflow=3.39
2025-11-18 21:21:00.000,LOGGED,2441,BULL,Written to signals CSV,"price=24759.25,netflow=3.39"
2025-11-18 21:21:30.000,PLOT,2442,BEAR,Triangle drawn on chart,netflow=-1.76
2025-11-18 21:22:00.000,LOGGED,2443,BEAR,Written to signals CSV,"price=24741.25,netflow=-1.76"
2025-11-18 21:38:00.000,PLOT,2475,BULL,Triangle drawn on chart,netflow=4.18
2025-11-18 21:38:30.000,LOGGED,2476,BULL,Written to signals CSV,"price=24764.75,netflow=4.18"
2025-11-18 21:45:30.000,PLOT,2490,BEAR,Triangle drawn on chart,netflow=-1.09
2025-11-18 21:46:00.000,LOGGED,2491,BEAR,Written to signals CSV,"price=24737.75,netflow=-1.09"
2025-11-18 21:46:30.000,PLOT,2492,BULL,Triangle drawn on chart,netflow=0.90
2025-11-18 21:47:00.000,LOGGED,2493,BULL,Written to signals CSV,"price=24758.50,netflow=0.90"
2025-11-18 21:54:00.000,PLOT,2507,BEAR,Triangle drawn on chart,netflow=-1.50
2025-11-18 21:54:30.000,LOGGED,2508,BEAR,Written to signals CSV,"price=24736.75,netflow=-1.50"
2025-11-18 21:58:30.000,PLOT,2516,BULL,Triangle drawn on chart,netflow=0.50
2025-11-18 21:59:00.000,LOGGED,2517,BULL,Written to signals CSV,"price=24749.00,netflow=0.50"
2025-11-18 22:05:30.000,PLOT,2530,BEAR,Triangle drawn on chart,netflow=-1.50
2025-11-18 22:06:00.000,LOGGED,2531,BEAR,Written to signals CSV,"price=24739.00,netflow=-1.50"
2025-11-18 22:17:00.000,PLOT,2553,BULL,Triangle drawn on chart,netflow=1.50
2025-11-18 22:17:30.000,LOGGED,2554,BULL,Written to signals CSV,"price=24719.25,netflow=1.50"
2025-11-18 22:17:30.000,PLOT,2554,BEAR,Triangle drawn on chart,netflow=2.00
2025-11-18 22:18:00.000,LOGGED,2555,BEAR,Written to signals CSV,"price=24725.00,netflow=2.00"
2025-11-18 22:18:00.000,PLOT,2555,BULL,Triangle drawn on chart,netflow=3.76
2025-11-18 22:18:30.000,LOGGED,2556,BULL,Written to signals CSV,"price=24742.75,netflow=3.76"
2025-11-18 22:18:30.000,PLOT,2556,BEAR,Triangle drawn on chart,netflow=2.50
2025-11-18 22:19:00.000,LOGGED,2557,BEAR,Written to signals CSV,"price=24724.50,netflow=2.50"
2025-11-18 22:22:00.000,PLOT,2563,BULL,Triangle drawn on chart,netflow=2.50
2025-11-18 22:22:30.000,LOGGED,2564,BULL,Written to signals CSV,"price=24723.75,netflow=2.50"
2025-11-18 22:22:30.000,PLOT,2564,BEAR,Triangle drawn on chart,netflow=4.54
2025-11-18 22:23:00.000,LOGGED,2565,BEAR,Written to signals CSV,"price=24726.00,netflow=4.54"
2025-11-18 22:41:30.000,PLOT,2602,BULL,Triangle drawn on chart,netflow=-1.50
2025-11-18 22:42:00.000,LOGGED,2603,BULL,Written to signals CSV,"price=24667.00,netflow=-1.50"
2025-11-18 22:42:00.000,PLOT,2603,BEAR,Triangle drawn on chart,netflow=-0.50
2025-11-18 22:42:30.000,LOGGED,2604,BEAR,Written to signals CSV,"price=24672.50,netflow=-0.50"
2025-11-18 22:52:00.000,PLOT,2623,BULL,Triangle drawn on chart,netflow=0.50
2025-11-18 22:52:30.000,LOGGED,2624,BULL,Written to signals CSV,"price=24663.25,netflow=0.50"
2025-11-18 22:52:30.000,PLOT,2624,BEAR,Triangle drawn on chart,netflow=0.50
2025-11-18 22:53:00.000,LOGGED,2625,BEAR,Written to signals CSV,"price=24668.00,netflow=0.50"
2025-11-18 23:29:00.000,PLOT,2697,BULL,Triangle drawn on chart,netflow=2.35
2025-11-18 23:29:30.000,LOGGED,2698,BULL,Written to signals CSV,"price=24557.75,netflow=2.35"
2025-11-18 23:30:00.000,PLOT,2699,BEAR,Triangle drawn on chart,netflow=2.23
2025-11-18 23:30:30.000,LOGGED,2700,BEAR,Written to signals CSV,"price=24550.50,netflow=2.23"
2025-11-18 23:32:00.000,PLOT,2703,BULL,Triangle drawn on chart,netflow=1.15
2025-11-18 23:32:30.000,LOGGED,2704,BULL,Written to signals CSV,"price=24548.25,netflow=1.15"
2025-11-18 23:32:30.000,PLOT,2704,BEAR,Triangle drawn on chart,netflow=-0.50
2025-11-18 23:33:00.000,LOGGED,2705,BEAR,Written to signals CSV,"price=24545.75,netflow=-0.50"
