Timestamp,Bar,Action,Direction,Price,Quantity,Notes
2025-11-21 01:14:30,28,ENTRY,LONG,24077.00,1,EnterLong_Bar1|ATR=17.31|ADX=45.80|RSI=50.0|MACDH=5.533|BW=0.0001|Accel=2.7240|GradStab=1.2336|VOL=1|VPM=2.00
2025-11-21 01:27:00,53,EXIT,LONG,24109.00,1,VALIDATION_FAILED:FastGrad<=-1.0998(need>0.18)|ATR=10.80|ADX=31.20|RSI=52.5|MACDH=-1.532|BW=0.0002|Accel=-1.6293|GradStab=0.9781|VOL=1|VPM=2.00
2025-11-21 01:28:00,55,ENTRY,LONG,24124.25,1,EnterLong_Bar1|ATR=10.74|ADX=30.05|RSI=60.6|MACDH=-0.600|BW=0.0003|Accel=1.5783|GradStab=0.9932|VOL=4|VPM=8.00
2025-11-21 01:31:00,61,EXIT,LONG,24110.00,1,VALIDATION_FAILED:FastGrad<=-1.9987(need>0.18)|ATR=9.97|ADX=26.26|RSI=47.8|MACDH=-2.450|BW=0.0001|Accel=-2.4548|GradStab=1.1015|VOL=1|VPM=2.00
2025-11-21 01:31:30,62,ENTRY,SHORT,24115.00,1,EnterShort_Bar1|ATR=9.94|ADX=24.64|RSI=51.2|MACDH=-2.404|BW=0.0001|Accel=1.1320|GradStab=1.1578|VOL=1|VPM=2.00
2025-11-21 01:32:30,64,EXIT,SHORT,24127.75,1,VALIDATION_FAILED:FastGrad>=1.0280(need<-0.18)|ATR=10.24|ADX=23.94|RSI=58.3|MACDH=-1.042|BW=0.0002|Accel=-0.2587|GradStab=1.0932|VOL=1|VPM=2.00
2025-11-21 01:33:00,65,ENTRY,LONG,24126.75,1,EnterLong_Bar1|ATR=10.14|ADX=23.71|RSI=57.8|MACDH=-1.002|BW=0.0002|Accel=-0.3191|GradStab=1.0645|VOL=1|VPM=2.00
2025-11-21 01:36:30,72,EXIT,LONG,24128.25,1,VALIDATION_FAILED:FastGrad<=-0.6050(need>0.18)|ATR=10.68|ADX=24.83|RSI=53.4|MACDH=-0.886|BW=0.0002|Accel=-1.1686|GradStab=0.7533|VOL=1|VPM=2.00
2025-11-21 01:37:00,73,ENTRY,SHORT,24117.50,1,EnterShort_Bar1|ATR=10.75|ADX=22.95|RSI=46.4|MACDH=-2.311|BW=0.0001|Accel=-1.4726|GradStab=1.1824|VOL=1|VPM=2.00
2025-11-21 01:41:00,81,EXIT,SHORT,24117.00,1,VALIDATION_FAILED:FastGrad>=0.1954(need<-0.18)|ATR=10.15|ADX=22.84|RSI=49.0|MACDH=-1.560|BW=0.0001|Accel=0.5727|GradStab=0.8578|VOL=1|VPM=2.00
2025-11-21 01:41:30,82,ENTRY,SHORT,24106.75,1,EnterShort_Bar1|ATR=10.34|ADX=23.56|RSI=41.7|MACDH=-2.188|BW=0.0001|Accel=-1.5603|GradStab=0.8238|VOL=1|VPM=2.00
2025-11-21 01:42:30,84,EXIT,SHORT,24118.75,1,VALIDATION_FAILED:FastGrad>=0.7339(need<-0.18)|ATR=10.53|ADX=21.68|RSI=51.3|MACDH=-0.573|BW=0.0001|Accel=0.9581|GradStab=0.9866|VOL=1|VPM=2.00
2025-11-21 01:43:00,85,ENTRY,LONG,24128.50,1,EnterLong_Bar1|ATR=10.66|ADX=19.63|RSI=57.6|MACDH=0.782|BW=0.0000|Accel=1.3170|GradStab=1.2422|VOL=1|VPM=2.00
2025-11-21 01:50:00,99,EXIT,LONG,24147.75,1,VALIDATION_FAILED:FastGrad<=-0.5105(need>0.18)|ATR=10.18|ADX=20.85|RSI=56.7|MACDH=0.406|BW=0.0003|Accel=-0.7956|GradStab=1.2552|VOL=1|VPM=2.00
2025-11-21 01:50:30,100,ENTRY,SHORT,24141.00,1,EnterShort_Bar1|ATR=10.15|ADX=19.00|RSI=51.7|MACDH=-0.946|BW=0.0002|Accel=-0.9113|GradStab=1.6365|VOL=1|VPM=2.00
2025-11-21 01:55:30,110,EXIT,SHORT,24143.75,1,VALIDATION_FAILED:FastGrad>=0.3964(need<-0.18)|ATR=10.07|ADX=11.28|RSI=53.2|MACDH=-1.548|BW=0.0000|Accel=0.6947|GradStab=0.6336|VOL=1|VPM=2.00
2025-11-21 01:56:00,111,ENTRY,LONG,24147.50,1,EnterLong_Bar1|ATR=9.86|ADX=11.55|RSI=55.8|MACDH=-0.871|BW=0.0000|Accel=0.4858|GradStab=0.6927|VOL=1|VPM=2.00
2025-11-21 01:58:00,115,EXIT,LONG,24140.50,1,VALIDATION_FAILED:FastGrad<=-1.0227(need>0.18)|ATR=10.20|ADX=12.21|RSI=48.4|MACDH=-0.761|BW=0.0000|Accel=-1.8333|GradStab=0.9433|VOL=1|VPM=2.00
2025-11-21 01:58:30,116,ENTRY,SHORT,24138.25,1,EnterShort_Bar1|ATR=9.79|ADX=11.32|RSI=46.8|MACDH=-1.239|BW=0.0000|Accel=-0.1653|GradStab=1.0016|VOL=1|VPM=2.00
2025-11-21 02:01:00,121,EXIT,SHORT,24145.25,1,VALIDATION_FAILED:FastGrad>=0.9490(need<-0.18)|ATR=9.94|ADX=11.34|RSI=53.7|MACDH=-0.608|BW=0.0000|Accel=1.3093|GradStab=1.1975|VOL=1|VPM=2.00
2025-11-21 02:02:30,124,ENTRY,SHORT,24133.00,1,EnterShort_Bar1|ATR=10.82|ADX=10.47|RSI=44.4|MACDH=-1.127|BW=0.0001|Accel=-1.8206|GradStab=0.9139|VOL=1|VPM=2.00
2025-11-21 02:05:00,129,EXIT,SHORT,24130.00,1,VALIDATION_FAILED:FastGrad>=-0.0079(need<-0.18)|ATR=11.78|ADX=14.69|RSI=46.2|MACDH=-1.357|BW=0.0002|Accel=1.6785|GradStab=1.1252|VOL=1|VPM=2.00
2025-11-21 02:05:30,130,ENTRY,SHORT,24121.75,1,EnterShort_Bar1|ATR=11.85|ADX=13.96|RSI=41.2|MACDH=-1.754|BW=0.0002|Accel=-1.2176|GradStab=1.1277|VOL=1|VPM=2.00
2025-11-21 02:06:30,132,EXIT,SHORT,24142.00,1,VALIDATION_FAILED:FastGrad>=1.8021(need<-0.18)|ATR=12.11|ADX=12.61|RSI=54.3|MACDH=0.995|BW=0.0000|Accel=0.6601|GradStab=1.3705|VOL=1|VPM=2.00
2025-11-21 02:07:00,133,ENTRY,LONG,24146.75,1,EnterLong_Bar1|ATR=12.19|ADX=13.26|RSI=56.8|MACDH=1.903|BW=0.0000|Accel=0.3624|GradStab=1.5724|VOL=1|VPM=2.00
2025-11-21 02:13:30,146,EXIT,LONG,24164.00,1,VALIDATION_FAILED:FastGrad<=-0.2764(need>0.18)|ATR=10.91|ADX=23.54|RSI=56.7|MACDH=0.600|BW=0.0003|Accel=-1.3931|GradStab=1.0927|VOL=1|VPM=2.00
2025-11-21 02:14:00,147,ENTRY,LONG,24171.75,1,EnterLong_Bar1|ATR=11.05|ADX=23.46|RSI=61.0|MACDH=0.770|BW=0.0003|Accel=1.2114|GradStab=1.1192|VOL=1|VPM=2.00
2025-11-21 02:16:00,151,EXIT,LONG,24168.50,1,VALIDATION_FAILED:FastGrad<=0.0723(need>0.18)|ATR=10.06|ADX=21.03|RSI=57.0|MACDH=-0.657|BW=0.0002|Accel=-0.2080|GradStab=0.7929|VOL=1|VPM=2.00
2025-11-21 02:16:30,152,ENTRY,SHORT,24159.50,1,EnterShort_Bar1|ATR=10.42|ADX=19.51|RSI=50.2|MACDH=-1.779|BW=0.0001|Accel=-1.3437|GradStab=0.9346|VOL=1|VPM=2.00
2025-11-21 02:17:30,154,EXIT,SHORT,24166.50,1,VALIDATION_FAILED:FastGrad>=0.1662(need<-0.18)|ATR=10.10|ADX=17.36|RSI=55.0|MACDH=-1.515|BW=0.0001|Accel=0.8469|GradStab=0.7335|VOL=1|VPM=2.00
2025-11-21 02:18:00,155,ENTRY,LONG,24183.25,1,EnterLong_Bar1|ATR=10.74|ADX=19.33|RSI=63.8|MACDH=0.259|BW=0.0002|Accel=2.4533|GradStab=1.0221|VOL=1|VPM=2.00
2025-11-21 02:20:30,160,EXIT,LONG,24178.25,1,VALIDATION_FAILED:FastGrad<=0.1304(need>0.18)|ATR=9.98|ADX=19.10|RSI=57.2|MACDH=-0.140|BW=0.0002|Accel=-0.9381|GradStab=1.3146|VOL=1|VPM=2.00
2025-11-21 02:21:00,161,ENTRY,LONG,24180.75,1,EnterLong_Bar1|ATR=9.83|ADX=18.90|RSI=58.5|MACDH=-0.171|BW=0.0002|Accel=0.3317|GradStab=1.2978|VOL=1|VPM=2.00
2025-11-21 02:22:30,164,EXIT,LONG,24178.50,1,VALIDATION_FAILED:FastGrad<=-0.3180(need>0.18)|ATR=9.63|ADX=16.66|RSI=55.2|MACDH=-0.803|BW=0.0002|Accel=-1.1213|GradStab=0.9934|VOL=1|VPM=2.00
2025-11-21 02:30:30,180,ENTRY,SHORT,24182.75,1,EnterShort_Bar1|ATR=6.87|ADX=15.78|RSI=51.3|MACDH=-1.167|BW=0.0001|Accel=-0.7543|GradStab=0.4049|VOL=1|VPM=2.00
2025-11-21 02:31:30,182,EXIT,SHORT,24186.00,1,VALIDATION_FAILED:FastGrad>=0.0753(need<-0.18)|ATR=6.94|ADX=13.22|RSI=55.3|MACDH=-1.086|BW=0.0001|Accel=0.6247|GradStab=0.4315|VOL=1|VPM=2.00
2025-11-21 02:32:30,184,ENTRY,SHORT,24182.75,1,EnterShort_Bar1|ATR=6.78|ADX=11.83|RSI=50.6|MACDH=-1.283|BW=0.0000|Accel=-0.4395|GradStab=0.4344|VOL=1|VPM=2.00
2025-11-21 02:35:00,189,EXIT,SHORT,24185.50,1,VALIDATION_FAILED:FastGrad>=0.1779(need<-0.18)|ATR=6.83|ADX=11.74|RSI=53.4|MACDH=-0.721|BW=0.0000|Accel=0.3746|GradStab=0.3291|VOL=1|VPM=2.00
2025-11-21 02:36:00,191,ENTRY,LONG,24191.00,1,EnterLong_Bar1|ATR=6.78|ADX=10.87|RSI=58.8|MACDH=-0.023|BW=0.0001|Accel=1.1858|GradStab=0.4514|VOL=1|VPM=2.00
2025-11-21 02:37:30,194,EXIT,LONG,24188.75,1,VALIDATION_FAILED:FastGrad<=0.0046(need>0.18)|ATR=6.95|ADX=11.69|RSI=53.8|MACDH=0.154|BW=0.0001|Accel=-0.9404|GradStab=0.6866|VOL=1|VPM=2.00
2025-11-21 02:40:00,199,ENTRY,SHORT,24184.00,1,EnterShort_Bar1|ATR=6.87|ADX=11.51|RSI=47.3|MACDH=-0.716|BW=0.0000|Accel=-1.3247|GradStab=0.6662|VOL=1|VPM=2.00
2025-11-21 02:41:00,201,EXIT,SHORT,24192.25,1,VALIDATION_FAILED:FastGrad>=0.5945(need<-0.18)|ATR=6.79|ADX=11.06|RSI=56.1|MACDH=-0.100|BW=0.0001|Accel=0.7770|GradStab=0.6347|VOL=1|VPM=2.00
2025-11-21 02:45:00,209,ENTRY,SHORT,24189.50,1,EnterShort_Bar1|ATR=6.31|ADX=9.54|RSI=49.6|MACDH=-0.380|BW=0.0000|Accel=-1.2123|GradStab=0.3692|VOL=1|VPM=2.00
2025-11-21 02:48:00,215,EXIT,SHORT,24182.00,1,VALIDATION_FAILED:FastGrad>=0.3685(need<-0.18)|ATR=7.71|ADX=16.53|RSI=48.1|MACDH=-1.474|BW=0.0001|Accel=1.7363|GradStab=1.3916|VOL=1|VPM=2.00
2025-11-21 02:48:30,216,ENTRY,SHORT,24175.25,1,EnterShort_Bar1|ATR=7.82|ADX=16.12|RSI=43.3|MACDH=-1.642|BW=0.0002|Accel=-1.0629|GradStab=1.3155|VOL=1|VPM=2.00
2025-11-21 02:51:00,221,EXIT,SHORT,24176.75,1,VALIDATION_FAILED:FastGrad>=0.3355(need<-0.18)|ATR=7.92|ADX=16.76|RSI=47.0|MACDH=-0.282|BW=0.0001|Accel=0.9254|GradStab=0.9224|VOL=1|VPM=2.00
2025-11-21 02:51:30,222,ENTRY,LONG,24180.25,1,EnterLong_Bar1|ATR=7.84|ADX=15.58|RSI=50.2|MACDH=0.377|BW=0.0001|Accel=0.4844|GradStab=0.9713|VOL=1|VPM=2.00
2025-11-21 02:54:30,228,EXIT,LONG,24179.75,1,VALIDATION_FAILED:FastGrad<=-0.4014(need>0.18)|ATR=8.13|ADX=13.77|RSI=48.2|MACDH=0.998|BW=0.0000|Accel=-0.6987|GradStab=0.8746|VOL=1|VPM=2.00
2025-11-21 02:59:30,238,ENTRY,SHORT,24187.50,1,EnterShort_Bar1|ATR=8.16|ADX=14.98|RSI=49.6|MACDH=-0.220|BW=0.0001|Accel=-0.2505|GradStab=1.0248|VOL=1|VPM=2.00
2025-11-21 03:01:00,241,EXIT,SHORT,24191.50,1,VALIDATION_FAILED:FastGrad>=0.3464(need<-0.18)|ATR=8.34|ADX=13.92|RSI=53.4|MACDH=-0.497|BW=0.0000|Accel=1.4685|GradStab=1.1575|VOL=1|VPM=2.00
2025-11-21 03:01:30,242,ENTRY,LONG,24197.75,1,EnterLong_Bar1|ATR=8.61|ADX=14.78|RSI=58.1|MACDH=0.218|BW=0.0001|Accel=0.8833|GradStab=0.9318|VOL=1|VPM=2.00
2025-11-21 03:04:00,247,EXIT,LONG,24188.75,1,VALIDATION_FAILED:FastGrad<=-1.0679(need>0.18)|ATR=8.73|ADX=15.06|RSI=47.9|MACDH=-0.613|BW=0.0001|Accel=-1.3334|GradStab=1.0188|VOL=1|VPM=2.00
2025-11-21 03:04:30,248,ENTRY,SHORT,24183.25,1,EnterShort_Bar1|ATR=8.72|ADX=14.62|RSI=43.6|MACDH=-1.468|BW=0.0000|Accel=-0.6240|GradStab=1.1389|VOL=1|VPM=2.00
2025-11-21 03:06:30,252,EXIT,SHORT,24185.00,1,VALIDATION_FAILED:FastGrad>=0.1556(need<-0.18)|ATR=9.42|ADX=15.12|RSI=48.4|MACDH=-1.733|BW=0.0001|Accel=2.4553|GradStab=1.5031|VOL=1|VPM=2.00
2025-11-21 03:07:30,254,ENTRY,LONG,24187.25,1,EnterLong_Bar1|ATR=8.99|ADX=13.29|RSI=50.2|MACDH=-0.672|BW=0.0001|Accel=0.1602|GradStab=1.2842|VOL=1|VPM=2.00
2025-11-21 03:09:00,257,EXIT,LONG,24186.00,1,VALIDATION_FAILED:FastGrad<=0.0662(need>0.18)|ATR=8.66|ADX=12.36|RSI=49.1|MACDH=-0.137|BW=0.0000|Accel=-0.2874|GradStab=1.1888|VOL=1|VPM=2.00
2025-11-21 03:09:30,258,ENTRY,LONG,24188.00,1,EnterLong_Bar1|ATR=8.52|ADX=11.00|RSI=51.1|MACDH=0.145|BW=0.0000|Accel=0.2937|GradStab=1.1768|VOL=1|VPM=2.00
2025-11-21 03:10:30,260,EXIT,LONG,24186.75,1,VALIDATION_FAILED:FastGrad<=0.0896(need>0.18)|ATR=8.80|ADX=10.46|RSI=49.8|MACDH=0.144|BW=0.0000|Accel=-0.1512|GradStab=0.7728|VOL=1|VPM=2.00
2025-11-21 03:11:30,262,ENTRY,LONG,24192.25,1,EnterLong_Bar1|ATR=8.85|ADX=9.97|RSI=55.3|MACDH=0.767|BW=0.0000|Accel=0.7816|GradStab=0.2187|VOL=1|VPM=2.00
2025-11-21 03:13:00,265,EXIT,LONG,24189.00,1,VALIDATION_FAILED:FastGrad<=-0.2699(need>0.18)|ATR=8.91|ADX=10.54|RSI=50.2|MACDH=0.636|BW=0.0000|Accel=-1.7784|GradStab=0.5120|VOL=1|VPM=2.00
2025-11-21 03:13:30,266,ENTRY,SHORT,24183.25,1,EnterShort_Bar1|ATR=8.96|ADX=9.58|RSI=45.3|MACDH=-0.215|BW=0.0000|Accel=-0.7815|GradStab=0.6791|VOL=1|VPM=2.00
2025-11-21 03:16:00,271,EXIT,SHORT,24200.00,1,VALIDATION_FAILED:FastGrad>=2.3134(need<-0.18)|ATR=9.62|ADX=10.78|RSI=60.2|MACDH=1.155|BW=0.0000|Accel=2.5465|GradStab=1.2592|VOL=1|VPM=2.00
2025-11-21 03:16:30,272,ENTRY,LONG,24205.75,1,EnterLong_Bar1|ATR=9.44|ADX=12.33|RSI=63.9|MACDH=2.135|BW=0.0001|Accel=0.4348|GradStab=1.4892|VOL=1|VPM=2.00
2025-11-21 03:21:00,281,EXIT,LONG,24202.75,1,VALIDATION_FAILED:FastGrad<=-0.0657(need>0.18)|ATR=8.11|ADX=16.48|RSI=56.2|MACDH=0.511|BW=0.0002|Accel=-0.9046|GradStab=0.7268|VOL=1|VPM=2.00
2025-11-21 03:22:00,283,ENTRY,SHORT,24193.25,1,EnterShort_Bar1|ATR=8.11|ADX=15.38|RSI=46.3|MACDH=-1.039|BW=0.0001|Accel=-1.4542|GradStab=0.9148|VOL=1|VPM=2.00
2025-11-21 03:23:00,285,EXIT,SHORT,24216.50,1,VALIDATION_FAILED:FastGrad>=2.2703(need<-0.18)|ATR=9.17|ADX=15.70|RSI=63.9|MACDH=0.839|BW=0.0002|Accel=2.3440|GradStab=1.0116|VOL=1|VPM=2.00
2025-11-21 03:23:30,286,ENTRY,LONG,24216.25,1,EnterLong_Bar1|ATR=8.85|ADX=15.94|RSI=63.7|MACDH=1.064|BW=0.0002|Accel=-0.4582|GradStab=1.0634|VOL=1|VPM=2.00
2025-11-21 03:28:30,296,EXIT,LONG,24220.00,1,VALIDATION_FAILED:FastGrad<=0.1321(need>0.18)|ATR=7.66|ADX=20.37|RSI=59.6|MACDH=0.211|BW=0.0002|Accel=-0.7768|GradStab=0.4686|VOL=1|VPM=2.00
2025-11-21 03:33:00,305,ENTRY,SHORT,24214.00,1,EnterShort_Bar1|ATR=7.53|ADX=21.30|RSI=47.5|MACDH=-1.819|BW=0.0001|Accel=-1.0938|GradStab=0.7163|VOL=1|VPM=2.00
2025-11-21 03:39:00,317,EXIT,SHORT,24197.50,1,VALIDATION_FAILED:FastGrad>=-0.1530(need<-0.18)|ATR=8.82|ADX=28.52|RSI=42.8|MACDH=-1.742|BW=0.0002|Accel=0.5239|GradStab=1.1759|VOL=1|VPM=2.00
2025-11-21 03:39:30,318,ENTRY,LONG,24212.00,1,EnterLong_Bar1|ATR=9.37|ADX=24.66|RSI=54.3|MACDH=0.252|BW=0.0001|Accel=2.1931|GradStab=1.6115|VOL=1|VPM=2.00
2025-11-21 03:45:30,330,EXIT,LONG,24215.00,1,VALIDATION_FAILED:FastGrad<=-0.7365(need>0.18)|ATR=8.53|ADX=20.02|RSI=51.1|MACDH=1.041|BW=0.0001|Accel=-1.3818|GradStab=0.9770|VOL=1|VPM=2.00
2025-11-21 03:46:00,331,ENTRY,LONG,24227.75,1,EnterLong_Bar1|ATR=9.03|ADX=19.62|RSI=59.4|MACDH=1.742|BW=0.0002|Accel=2.0306|GradStab=0.9754|VOL=1|VPM=2.00
2025-11-21 03:48:00,335,EXIT,LONG,24224.75,1,VALIDATION_FAILED:FastGrad<=0.1120(need>0.18)|ATR=8.62|ADX=16.50|RSI=55.6|MACDH=0.496|BW=0.0002|Accel=-0.6057|GradStab=0.8948|VOL=1|VPM=2.00
2025-11-21 03:49:00,337,ENTRY,SHORT,24217.50,1,EnterShort_Bar1|ATR=8.52|ADX=14.73|RSI=49.4|MACDH=-0.791|BW=0.0001|Accel=-0.7988|GradStab=0.8425|VOL=1|VPM=2.00
2025-11-21 03:50:00,339,EXIT,SHORT,24222.50,1,VALIDATION_FAILED:FastGrad>=0.0606(need<-0.18)|ATR=8.37|ADX=13.28|RSI=53.5|MACDH=-0.685|BW=0.0001|Accel=0.8098|GradStab=0.7743|VOL=1|VPM=2.00
2025-11-21 03:50:30,340,ENTRY,SHORT,24219.75,1,EnterShort_Bar1|ATR=8.21|ADX=12.42|RSI=51.0|MACDH=-0.973|BW=0.0001|Accel=-0.4119|GradStab=0.7380|VOL=3|VPM=6.00
2025-11-21 03:51:30,342,EXIT,SHORT,24225.25,1,VALIDATION_FAILED:FastGrad>=0.4666(need<-0.18)|ATR=8.22|ADX=12.61|RSI=55.4|MACDH=-0.383|BW=0.0001|Accel=-0.0683|GradStab=0.5530|VOL=1|VPM=2.00
2025-11-21 03:53:30,346,ENTRY,SHORT,24217.25,1,EnterShort_Bar1|ATR=7.69|ADX=10.57|RSI=47.1|MACDH=-1.080|BW=0.0000|Accel=-1.1566|GradStab=0.5388|VOL=1|VPM=2.00
2025-11-21 03:57:00,353,EXIT,SHORT,24217.25,1,VALIDATION_FAILED:FastGrad>=0.1714(need<-0.18)|ATR=7.81|ADX=12.62|RSI=49.4|MACDH=-0.952|BW=0.0001|Accel=1.0882|GradStab=0.6221|VOL=1|VPM=2.00
2025-11-21 03:58:00,355,ENTRY,LONG,24220.00,1,EnterLong_Bar1|ATR=7.48|ADX=11.17|RSI=52.0|MACDH=-0.211|BW=0.0000|Accel=0.5042|GradStab=0.6389|VOL=1|VPM=2.00
2025-11-21 03:59:30,358,EXIT,LONG,24218.50,1,VALIDATION_FAILED:FastGrad<=-0.0787(need>0.18)|ATR=7.69|ADX=10.80|RSI=49.8|MACDH=0.119|BW=0.0000|Accel=-0.6542|GradStab=0.7221|VOL=1|VPM=2.00
2025-11-21 04:00:00,359,ENTRY,SHORT,24212.75,1,EnterShort_Bar1|ATR=8.07|ADX=12.06|RSI=44.8|MACDH=-0.519|BW=0.0000|Accel=-0.8328|GradStab=0.7583|VOL=1|VPM=2.00
2025-11-21 04:01:30,362,EXIT,SHORT,24213.25,1,VALIDATION_FAILED:FastGrad>=-0.1320(need<-0.18)|ATR=7.92|ADX=11.12|RSI=47.1|MACDH=-0.752|BW=0.0001|Accel=1.1303|GradStab=0.8403|VOL=1|VPM=2.00
2025-11-21 04:02:00,363,ENTRY,SHORT,24206.50,1,EnterShort_Bar1|ATR=8.04|ADX=11.14|RSI=41.7|MACDH=-1.194|BW=0.0001|Accel=-1.0215|GradStab=0.8824|VOL=1|VPM=2.00
2025-11-21 04:04:30,368,EXIT,SHORT,24209.75,1,VALIDATION_FAILED:FastGrad>=0.3134(need<-0.18)|ATR=7.52|ADX=11.27|RSI=47.2|MACDH=-0.337|BW=0.0001|Accel=1.1576|GradStab=0.5569|VOL=1|VPM=2.00
2025-11-21 04:08:30,376,ENTRY,LONG,24207.75,1,EnterLong_Bar1|ATR=8.01|ADX=16.58|RSI=49.5|MACDH=0.394|BW=0.0001|Accel=1.3129|GradStab=0.6680|VOL=1|VPM=2.00
2025-11-21 04:09:30,378,EXIT,LONG,24192.25,1,VALIDATION_FAILED:FastGrad<=-1.8569(need>0.18)|ATR=8.45|ADX=18.51|RSI=38.0|MACDH=-0.709|BW=0.0001|Accel=-2.3247|GradStab=0.8145|VOL=1|VPM=2.00
2025-11-21 04:10:00,379,ENTRY,SHORT,24195.75,1,EnterShort_Bar1|ATR=8.51|ADX=19.52|RSI=41.3|MACDH=-0.568|BW=0.0001|Accel=0.8831|GradStab=0.8197|VOL=1|VPM=2.00
2025-11-21 04:16:00,391,EXIT,SHORT,24175.25,1,VALIDATION_FAILED:FastGrad>=0.3773(need<-0.18)|ATR=8.71|ADX=41.23|RSI=41.2|MACDH=0.084|BW=0.0003|Accel=1.4717|GradStab=1.0439|VOL=1|VPM=2.00
2025-11-21 04:16:30,392,ENTRY,LONG,24190.25,1,EnterLong_Bar1|ATR=9.34|ADX=35.92|RSI=52.7|MACDH=2.161|BW=0.0002|Accel=2.1711|GradStab=1.6918|VOL=1|VPM=2.00
2025-11-21 04:18:00,395,EXIT,LONG,24183.00,1,VALIDATION_FAILED:GradientsNotPositive(F:0.5051,S:-0.0069)|ATR=9.25|ADX=30.16|RSI=47.5|MACDH=2.506|BW=0.0001|Accel=-0.4860|GradStab=1.8207|VOL=1|VPM=2.00
2025-11-21 04:18:30,396,ENTRY,LONG,24189.25,1,EnterLong_Bar1|ATR=9.34|ADX=27.67|RSI=52.2|MACDH=3.077|BW=0.0000|Accel=0.8214|GradStab=1.5575|VOL=1|VPM=2.00
2025-11-21 04:20:00,399,EXIT,LONG,24183.25,1,VALIDATION_FAILED:FastGrad<=-0.1848(need>0.18)|ATR=8.81|ADX=22.58|RSI=47.2|MACDH=2.166|BW=0.0000|Accel=-1.1306|GradStab=0.9575|VOL=1|VPM=2.00
2025-11-21 04:23:30,406,ENTRY,SHORT,24172.50,1,EnterShort_Bar1|ATR=8.75|ADX=19.35|RSI=39.0|MACDH=-0.374|BW=0.0001|Accel=-2.3828|GradStab=0.9066|VOL=1|VPM=2.00
2025-11-21 04:24:30,408,EXIT,SHORT,24189.75,1,VALIDATION_FAILED:FastGrad>=0.8823(need<-0.18)|ATR=9.19|ADX=18.07|RSI=52.7|MACDH=0.831|BW=0.0000|Accel=1.3241|GradStab=0.8720|VOL=1|VPM=2.00
2025-11-21 04:25:00,409,ENTRY,LONG,24196.75,1,EnterLong_Bar1|ATR=9.15|ADX=16.77|RSI=57.0|MACDH=1.637|BW=0.0001|Accel=0.9057|GradStab=0.9998|VOL=1|VPM=2.00
2025-11-21 04:27:30,414,EXIT,LONG,24187.75,1,VALIDATION_FAILED:FastGrad<=-0.3734(need>0.18)|ATR=9.04|ADX=14.43|RSI=49.6|MACDH=0.508|BW=0.0000|Accel=-0.8716|GradStab=1.0418|VOL=1|VPM=2.00
2025-11-21 04:28:30,416,ENTRY,SHORT,24186.25,1,EnterShort_Bar1|ATR=8.43|ADX=14.83|RSI=48.4|MACDH=-0.021|BW=0.0000|Accel=-0.4054|GradStab=0.7362|VOL=1|VPM=2.00
2025-11-21 04:30:00,419,EXIT,SHORT,24190.00,1,VALIDATION_FAILED:FastGrad>=0.3636(need<-0.18)|ATR=7.90|ADX=16.54|RSI=51.9|MACDH=-0.003|BW=0.0000|Accel=0.8384|GradStab=0.5860|VOL=1|VPM=2.00
2025-11-21 04:30:30,420,ENTRY,SHORT,24182.50,1,EnterShort_Bar1|ATR=7.91|ADX=16.96|RSI=45.8|MACDH=-0.684|BW=0.0000|Accel=-1.1653|GradStab=0.6199|VOL=1|VPM=2.00
2025-11-21 04:31:30,422,EXIT,SHORT,24186.75,1,VALIDATION_FAILED:FastGrad>=0.1782(need<-0.18)|ATR=8.03|ADX=17.29|RSI=49.9|MACDH=-0.388|BW=0.0000|Accel=1.2432|GradStab=0.4848|VOL=1|VPM=2.00
2025-11-21 04:32:00,423,ENTRY,LONG,24190.00,1,EnterLong_Bar1|ATR=8.06|ADX=15.24|RSI=52.6|MACDH=0.047|BW=0.0000|Accel=0.4924|GradStab=0.5147|VOL=1|VPM=2.00
2025-11-21 04:33:00,425,EXIT,LONG,24187.75,1,VALIDATION_FAILED:FastGrad<=0.0759(need>0.18)|ATR=8.03|ADX=14.51|RSI=50.4|MACDH=0.160|BW=0.0000|Accel=-0.5017|GradStab=0.5770|VOL=1|VPM=2.00
2025-11-21 04:40:00,439,ENTRY,SHORT,24188.00,1,EnterShort_Bar1|ATR=9.07|ADX=15.93|RSI=45.2|MACDH=-0.940|BW=0.0001|Accel=-1.5060|GradStab=1.4211|VOL=1|VPM=2.00
2025-11-21 04:41:00,441,EXIT,SHORT,24205.50,1,VALIDATION_FAILED:FastGrad>=1.5057(need<-0.18)|ATR=9.40|ADX=16.54|RSI=58.1|MACDH=0.154|BW=0.0001|Accel=2.9836|GradStab=1.5953|VOL=1|VPM=2.00
2025-11-21 04:41:30,442,ENTRY,LONG,24209.50,1,EnterLong_Bar1|ATR=9.46|ADX=18.18|RSI=60.3|MACDH=0.794|BW=0.0001|Accel=0.3295|GradStab=1.4874|VOL=1|VPM=2.00
2025-11-21 04:45:30,450,EXIT,LONG,24202.75,1,VALIDATION_FAILED:FastGrad<=-0.6455(need>0.18)|ATR=7.70|ADX=20.75|RSI=51.6|MACDH=-0.555|BW=0.0001|Accel=-0.8464|GradStab=0.6653|VOL=1|VPM=2.00
2025-11-21 04:46:30,452,ENTRY,SHORT,24203.00,1,EnterShort_Bar1|ATR=7.42|ADX=19.02|RSI=51.7|MACDH=-0.957|BW=0.0001|Accel=-0.0343|GradStab=0.6864|VOL=1|VPM=2.00
2025-11-21 04:49:00,457,EXIT,SHORT,24203.00,1,VALIDATION_FAILED:FastGrad>=0.0767(need<-0.18)|ATR=6.59|ADX=14.77|RSI=52.3|MACDH=-1.042|BW=0.0000|Accel=0.3112|GradStab=0.4023|VOL=1|VPM=2.00
2025-11-21 04:49:30,458,ENTRY,LONG,24205.25,1,EnterLong_Bar1|ATR=6.61|ADX=13.78|RSI=54.9|MACDH=-0.648|BW=0.0000|Accel=0.3042|GradStab=0.3598|VOL=2|VPM=4.00
2025-11-21 04:52:00,463,EXIT,LONG,24205.75,1,VALIDATION_FAILED:FastGrad<=-0.0638(need>0.18)|ATR=6.30|ADX=13.16|RSI=53.0|MACDH=-0.078|BW=0.0001|Accel=-1.0616|GradStab=0.4790|VOL=1|VPM=2.00
2025-11-21 04:52:30,464,ENTRY,SHORT,24203.75,1,EnterShort_Bar1|ATR=6.20|ADX=11.50|RSI=50.3|MACDH=-0.365|BW=0.0000|Accel=-0.3025|GradStab=0.4389|VOL=1|VPM=2.00
2025-11-21 04:55:00,469,EXIT,SHORT,24199.00,1,VALIDATION_FAILED:FastGrad>=0.0436(need<-0.18)|ATR=6.38|ADX=14.12|RSI=48.1|MACDH=-1.176|BW=0.0001|Accel=1.4398|GradStab=0.8827|VOL=1|VPM=2.00
2025-11-21 05:07:30,494,ENTRY,LONG,24180.25,1,EnterLong_Bar1|ATR=7.51|ADX=25.33|RSI=52.7|MACDH=1.914|BW=0.0001|Accel=1.1613|GradStab=0.9430|VOL=1|VPM=2.00
2025-11-21 05:10:00,499,EXIT,LONG,24175.75,1,VALIDATION_FAILED:FastGrad<=0.0191(need>0.18)|ATR=6.74|ADX=20.81|RSI=47.0|MACDH=1.730|BW=0.0000|Accel=-0.3022|GradStab=0.9345|VOL=1|VPM=2.00
2025-11-21 05:11:00,501,ENTRY,LONG,24184.25,1,EnterLong_Bar1|ATR=6.79|ADX=18.12|RSI=57.2|MACDH=2.152|BW=0.0000|Accel=1.4250|GradStab=0.7036|VOL=1|VPM=2.00
2025-11-21 05:15:00,509,EXIT,LONG,24183.75,1,VALIDATION_FAILED:FastGrad<=-0.1025(need>0.18)|ATR=6.38|ADX=14.73|RSI=52.3|MACDH=0.808|BW=0.0001|Accel=-0.8762|GradStab=0.6444|VOL=1|VPM=2.00
2025-11-21 05:16:00,511,ENTRY,SHORT,24181.00,1,EnterShort_Bar1|ATR=6.12|ADX=13.14|RSI=48.9|MACDH=0.037|BW=0.0000|Accel=-0.3721|GradStab=0.7054|VOL=1|VPM=2.00
2025-11-21 05:22:00,523,EXIT,SHORT,24174.25,1,VALIDATION_FAILED:FastGrad>=0.4754(need<-0.18)|ATR=6.72|ADX=18.48|RSI=48.3|MACDH=-0.210|BW=0.0001|Accel=1.0055|GradStab=0.5937|VOL=1|VPM=2.00
2025-11-21 05:22:30,524,ENTRY,LONG,24175.25,1,EnterLong_Bar1|ATR=6.63|ADX=17.27|RSI=49.6|MACDH=0.210|BW=0.0001|Accel=0.0541|GradStab=0.7190|VOL=1|VPM=2.00
2025-11-21 05:25:00,529,EXIT,LONG,24179.50,1,VALIDATION_FAILED:FastGrad<=-0.2156(need>0.18)|ATR=6.84|ADX=18.22|RSI=50.9|MACDH=1.309|BW=0.0001|Accel=-1.8612|GradStab=1.0881|VOL=1|VPM=2.00
2025-11-21 05:25:30,530,ENTRY,SHORT,24177.75,1,EnterShort_Bar1|ATR=6.77|ADX=16.30|RSI=49.1|MACDH=0.755|BW=0.0000|Accel=-0.2046|GradStab=0.9828|VOL=1|VPM=2.00
2025-11-21 05:26:30,532,EXIT,SHORT,24182.75,1,VALIDATION_FAILED:FastGrad>=0.5001(need<-0.18)|ATR=6.96|ADX=15.36|RSI=54.2|MACDH=0.731|BW=0.0001|Accel=1.0959|GradStab=0.9491|VOL=1|VPM=2.00
2025-11-21 05:27:00,533,ENTRY,LONG,24188.00,1,EnterLong_Bar1|ATR=7.10|ADX=16.57|RSI=58.4|MACDH=1.250|BW=0.0001|Accel=0.6570|GradStab=0.9514|VOL=1|VPM=2.00
2025-11-21 05:31:00,541,EXIT,LONG,24185.25,1,VALIDATION_FAILED:FastGrad<=-0.1085(need>0.18)|ATR=5.85|ADX=17.21|RSI=53.3|MACDH=0.064|BW=0.0001|Accel=-0.3951|GradStab=0.3440|VOL=1|VPM=2.00
2025-11-21 05:33:00,545,ENTRY,SHORT,24181.00,1,EnterShort_Bar1|ATR=5.63|ADX=15.15|RSI=46.5|MACDH=-0.709|BW=0.0000|Accel=-1.1420|GradStab=0.3699|VOL=1|VPM=2.00
2025-11-21 05:34:00,547,EXIT,SHORT,24187.50,1,VALIDATION_FAILED:FastGrad>=0.3664(need<-0.18)|ATR=5.62|ADX=13.62|RSI=55.2|MACDH=-0.251|BW=0.0000|Accel=0.4943|GradStab=0.3369|VOL=1|VPM=2.00
2025-11-21 05:40:00,559,ENTRY,SHORT,24192.00,1,EnterShort_Bar1|ATR=10.19|ADX=18.87|RSI=48.4|MACDH=-0.975|BW=0.0001|Accel=-0.8676|GradStab=2.3895|VOL=1|VPM=2.00
2025-11-21 05:41:00,561,EXIT,SHORT,24213.75,1,VALIDATION_FAILED:FastGrad>=1.6848(need<-0.18)|ATR=10.92|ADX=20.13|RSI=59.3|MACDH=0.610|BW=0.0002|Accel=0.8478|GradStab=2.3153|VOL=1|VPM=2.00
2025-11-21 05:46:30,572,ENTRY,SHORT,24209.25,1,EnterShort_Bar1|ATR=9.83|ADX=24.31|RSI=50.7|MACDH=-1.035|BW=0.0002|Accel=-2.2903|GradStab=1.0755|VOL=1|VPM=2.00
2025-11-21 05:47:30,574,EXIT,SHORT,24217.50,1,VALIDATION_FAILED:FastGrad>=0.2094(need<-0.18)|ATR=9.56|ADX=22.08|RSI=55.6|MACDH=-0.897|BW=0.0002|Accel=0.3575|GradStab=1.1128|VOL=1|VPM=2.00
2025-11-21 05:48:00,575,ENTRY,LONG,24222.50,1,EnterLong_Bar1|ATR=9.46|ADX=22.44|RSI=58.0|MACDH=-0.404|BW=0.0002|Accel=0.6561|GradStab=1.1026|VOL=1|VPM=2.00
2025-11-21 05:49:00,577,EXIT,LONG,24219.25,1,VALIDATION_FAILED:FastGrad<=-0.0310(need>0.18)|ATR=9.16|ADX=22.38|RSI=54.8|MACDH=-0.677|BW=0.0002|Accel=-1.5739|GradStab=0.9452|VOL=1|VPM=2.00
2025-11-21 05:50:00,579,ENTRY,SHORT,24213.75,1,EnterShort_Bar1|ATR=8.56|ADX=20.30|RSI=50.8|MACDH=-1.506|BW=0.0001|Accel=-0.6141|GradStab=0.8250|VOL=8|VPM=16.00
2025-11-21 05:51:30,582,EXIT,SHORT,24218.00,1,VALIDATION_FAILED:FastGrad>=0.2864(need<-0.18)|ATR=8.29|ADX=16.56|RSI=53.9|MACDH=-1.411|BW=0.0001|Accel=1.3657|GradStab=0.7699|VOL=1|VPM=2.00
2025-11-21 05:52:00,583,ENTRY,SHORT,24212.25,1,EnterShort_Bar1|ATR=8.40|ADX=15.63|RSI=49.6|MACDH=-1.813|BW=0.0000|Accel=-0.8992|GradStab=0.7895|VOL=1|VPM=2.00
2025-11-21 05:58:00,595,EXIT,SHORT,24206.50,1,VALIDATION_FAILED:FastGrad>=0.5196(need<-0.18)|ATR=7.70|ADX=13.06|RSI=49.5|MACDH=-0.474|BW=0.0001|Accel=1.0310|GradStab=0.6640|VOL=1|VPM=2.00
2025-11-21 06:02:00,603,ENTRY,SHORT,24196.25,1,EnterShort_Bar1|ATR=7.26|ADX=14.83|RSI=43.5|MACDH=-0.401|BW=0.0001|Accel=-0.8028|GradStab=0.5716|VOL=1|VPM=2.00
2025-11-21 06:06:00,611,EXIT,SHORT,24190.25,1,VALIDATION_FAILED:FastGrad>=0.0502(need<-0.18)|ATR=7.31|ADX=23.40|RSI=43.4|MACDH=-0.075|BW=0.0002|Accel=0.8777|GradStab=0.5257|VOL=1|VPM=2.00
2025-11-21 06:06:30,612,ENTRY,SHORT,24181.75,1,EnterShort_Bar1|ATR=7.65|ADX=24.18|RSI=36.8|MACDH=-0.655|BW=0.0002|Accel=-1.2736|GradStab=0.4345|VOL=1|VPM=2.00
2025-11-21 06:09:00,617,EXIT,SHORT,24189.00,1,VALIDATION_FAILED:FastGrad>=1.2441(need<-0.18)|ATR=8.32|ADX=24.61|RSI=49.4|MACDH=0.829|BW=0.0002|Accel=1.4963|GradStab=1.0685|VOL=1|VPM=2.00
2025-11-21 06:11:00,621,ENTRY,LONG,24189.25,1,EnterLong_Bar1|ATR=7.58|ADX=19.37|RSI=50.6|MACDH=1.663|BW=0.0001|Accel=1.0568|GradStab=1.2648|VOL=1|VPM=2.00
2025-11-21 06:12:00,623,EXIT,LONG,24181.25,1,VALIDATION_FAILED:FastGrad<=-0.3365(need>0.18)|ATR=7.49|ADX=18.07|RSI=44.4|MACDH=0.940|BW=0.0001|Accel=-0.0717|GradStab=0.9515|VOL=1|VPM=2.00
2025-11-21 06:21:00,641,ENTRY,SHORT,24168.75,1,EnterShort_Bar1|ATR=7.66|ADX=22.31|RSI=41.9|MACDH=-0.112|BW=0.0001|Accel=-0.7932|GradStab=0.6811|VOL=1|VPM=2.00
2025-11-21 06:22:00,643,EXIT,SHORT,24172.50,1,VALIDATION_FAILED:FastGrad>=-0.0820(need<-0.18)|ATR=7.53|ADX=23.07|RSI=45.8|MACDH=0.528|BW=0.0001|Accel=-0.1283|GradStab=0.6506|VOL=1|VPM=2.00
2025-11-21 06:22:30,644,ENTRY,SHORT,24162.00,1,EnterShort_Bar1|ATR=7.87|ADX=25.22|RSI=38.9|MACDH=-0.505|BW=0.0001|Accel=-1.5223|GradStab=0.7321|VOL=1|VPM=2.00
2025-11-21 06:27:00,653,EXIT,SHORT,24140.75,1,VALIDATION_FAILED:FastGrad>=0.0914(need<-0.18)|ATR=10.40|ADX=41.47|RSI=40.7|MACDH=-0.928|BW=0.0004|Accel=1.5706|GradStab=1.4245|VOL=1|VPM=2.00
2025-11-21 06:27:30,654,ENTRY,LONG,24151.50,1,EnterLong_Bar1|ATR=10.52|ADX=39.11|RSI=47.5|MACDH=0.964|BW=0.0003|Accel=1.5660|GradStab=1.9182|VOL=1|VPM=2.00
2025-11-21 06:28:30,656,EXIT,LONG,24147.75,1,VALIDATION_FAILED:GradientsNotPositive(F:0.5111,S:-0.2892)|ATR=10.44|ADX=35.81|RSI=45.5|MACDH=1.887|BW=0.0002|Accel=-0.8863|GradStab=2.2959|VOL=1|VPM=2.00
2025-11-21 06:29:00,657,ENTRY,LONG,24158.25,1,EnterLong_Bar1|ATR=10.41|ADX=34.05|RSI=51.7|MACDH=3.117|BW=0.0001|Accel=1.4856|GradStab=2.4946|VOL=1|VPM=2.00
2025-11-21 06:30:30,660,EXIT,LONG,24151.75,1,VALIDATION_FAILED:GradientsNotPositive(F:0.2726,S:-0.0358)|ATR=9.56|ADX=30.37|RSI=47.8|MACDH=2.668|BW=0.0001|Accel=-0.8030|GradStab=1.4893|VOL=1|VPM=2.00
2025-11-21 06:31:30,662,ENTRY,LONG,24153.00,1,EnterLong_Bar1|ATR=9.11|ADX=29.09|RSI=48.8|MACDH=2.337|BW=0.0000|Accel=0.5845|GradStab=0.7148|VOL=1|VPM=2.00
2025-11-21 06:32:30,664,EXIT,LONG,24134.25,1,VALIDATION_FAILED:FastGrad<=-2.4033(need>0.18)|ATR=9.56|ADX=30.12|RSI=37.1|MACDH=0.077|BW=0.0001|Accel=-2.1478|GradStab=1.1851|VOL=1|VPM=2.00
2025-11-21 06:33:00,665,ENTRY,SHORT,24131.25,1,EnterShort_Bar1|ATR=9.73|ADX=31.42|RSI=35.6|MACDH=-0.662|BW=0.0002|Accel=-0.0093|GradStab=1.4085|VOL=1|VPM=2.00
2025-11-21 06:35:30,670,EXIT,SHORT,24138.50,1,VALIDATION_FAILED:FastGrad>=0.0406(need<-0.18)|ATR=8.65|ADX=31.78|RSI=43.1|MACDH=0.172|BW=0.0002|Accel=0.9203|GradStab=0.9451|VOL=1|VPM=2.00
2025-11-21 06:36:00,671,ENTRY,SHORT,24127.00,1,EnterShort_Bar1|ATR=8.93|ADX=32.67|RSI=35.6|MACDH=-0.724|BW=0.0002|Accel=-1.7016|GradStab=0.9237|VOL=1|VPM=2.00
2025-11-21 06:37:00,673,EXIT,SHORT,24138.75,1,VALIDATION_FAILED:FastGrad>=0.6428(need<-0.18)|ATR=9.44|ADX=29.64|RSI=46.7|MACDH=0.573|BW=0.0002|Accel=1.9481|GradStab=0.9217|VOL=1|VPM=2.00
2025-11-21 06:37:30,674,ENTRY,SHORT,24133.00,1,EnterShort_Bar1|ATR=9.27|ADX=28.40|RSI=42.7|MACDH=0.399|BW=0.0002|Accel=-1.0053|GradStab=0.8578|VOL=1|VPM=2.00
2025-11-21 06:43:00,685,EXIT,SHORT,24131.00,1,VALIDATION_FAILED:FastGrad>=1.4321(need<-0.18)|ATR=10.08|ADX=33.37|RSI=50.0|MACDH=1.278|BW=0.0001|Accel=1.8181|GradStab=0.9124|VOL=1|VPM=2.00
2025-11-21 06:43:30,686,ENTRY,LONG,24131.25,1,EnterLong_Bar1|ATR=9.80|ADX=32.62|RSI=50.2|MACDH=1.758|BW=0.0001|Accel=-0.2232|GradStab=1.1114|VOL=1|VPM=2.00
2025-11-21 06:45:00,689,EXIT,LONG,24127.00,1,VALIDATION_FAILED:FastGrad<=-0.0936(need>0.18)|ATR=9.57|ADX=32.25|RSI=46.5|MACDH=1.788|BW=0.0001|Accel=-1.3176|GradStab=1.2575|VOL=1|VPM=2.00
2025-11-21 06:46:00,691,ENTRY,LONG,24133.75,1,EnterLong_Bar1|ATR=9.39|ADX=30.61|RSI=52.3|MACDH=2.110|BW=0.0000|Accel=1.2942|GradStab=1.1040|VOL=1|VPM=2.00
2025-11-21 06:48:00,695,EXIT,LONG,24124.50,1,VALIDATION_FAILED:FastGrad<=-1.3832(need>0.18)|ATR=9.67|ADX=24.84|RSI=44.6|MACDH=0.827|BW=0.0000|Accel=-1.8542|GradStab=0.9899|VOL=1|VPM=2.00
2025-11-21 06:48:30,696,ENTRY,SHORT,24120.25,1,EnterShort_Bar1|ATR=9.71|ADX=25.64|RSI=42.0|MACDH=-0.082|BW=0.0000|Accel=-0.3973|GradStab=1.2084|VOL=1|VPM=2.00
2025-11-21 06:53:00,705,EXIT,SHORT,24117.75,1,VALIDATION_FAILED:FastGrad>=-0.1766(need<-0.18)|ATR=8.74|ADX=24.97|RSI=44.5|MACDH=-0.773|BW=0.0001|Accel=1.3473|GradStab=0.5796|VOL=1|VPM=2.00
2025-11-21 06:54:30,708,ENTRY,LONG,24129.25,1,EnterLong_Bar1|ATR=8.47|ADX=19.99|RSI=53.8|MACDH=1.254|BW=0.0000|Accel=1.1095|GradStab=1.0032|VOL=1|VPM=2.00
2025-11-21 07:05:30,730,EXIT,LONG,24167.75,1,VALIDATION_FAILED:FastGrad<=-1.7542(need>0.18)|ATR=9.26|ADX=37.67|RSI=53.5|MACDH=-1.986|BW=0.0003|Accel=-2.7819|GradStab=1.9898|VOL=1|VPM=2.00
2025-11-21 07:06:00,731,ENTRY,SHORT,24162.50,1,EnterShort_Bar1|ATR=9.45|ADX=35.03|RSI=50.0|MACDH=-3.206|BW=0.0002|Accel=-0.4538|GradStab=2.3425|VOL=1|VPM=2.00
2025-11-21 07:07:00,733,EXIT,SHORT,24167.75,1,VALIDATION_FAILED:GradientsNotNegative(F:-0.5460,S:0.1001)|ATR=10.32|ADX=30.19|RSI=53.2|MACDH=-3.462|BW=0.0001|Accel=2.3638|GradStab=2.2179|VOL=1|VPM=2.00
2025-11-21 07:08:00,735,ENTRY,LONG,24185.75,1,EnterLong_Bar1|ATR=10.56|ADX=29.26|RSI=62.2|MACDH=-1.281|BW=0.0002|Accel=2.3014|GradStab=1.5782|VOL=1|VPM=2.00
2025-11-21 07:09:00,737,EXIT,LONG,24174.50,1,VALIDATION_FAILED:FastGrad<=0.0463(need>0.18)|ATR=10.34|ADX=27.22|RSI=54.9|MACDH=-1.815|BW=0.0002|Accel=-0.6871|GradStab=1.4939|VOL=1|VPM=2.00
2025-11-21 07:12:00,743,ENTRY,LONG,24179.75,1,EnterLong_Bar1|ATR=9.56|ADX=23.67|RSI=56.6|MACDH=-1.111|BW=0.0001|Accel=0.5503|GradStab=0.7395|VOL=1|VPM=2.00
2025-11-21 07:20:30,760,EXIT,LONG,24184.50,1,VALIDATION_FAILED:FastGrad<=-1.6786(need>0.18)|ATR=7.91|ADX=34.36|RSI=48.2|MACDH=-1.805|BW=0.0001|Accel=-1.9704|GradStab=0.9256|VOL=1|VPM=2.00
2025-11-21 07:21:00,761,ENTRY,SHORT,24188.25,1,EnterShort_Bar1|ATR=7.96|ADX=32.83|RSI=51.0|MACDH=-1.756|BW=0.0001|Accel=0.8052|GradStab=0.9941|VOL=1|VPM=2.00
2025-11-21 07:22:30,764,EXIT,SHORT,24193.25,1,VALIDATION_FAILED:FastGrad>=0.4369(need<-0.18)|ATR=7.66|ADX=29.14|RSI=54.8|MACDH=-1.509|BW=0.0001|Accel=1.3322|GradStab=1.0739|VOL=1|VPM=2.00
2025-11-21 07:23:00,765,ENTRY,SHORT,24184.25,1,EnterShort_Bar1|ATR=7.71|ADX=28.45|RSI=48.0|MACDH=-2.167|BW=0.0000|Accel=-1.4265|GradStab=1.0467|VOL=1|VPM=2.00
2025-11-21 07:25:30,770,EXIT,SHORT,24188.50,1,VALIDATION_FAILED:FastGrad>=0.2497(need<-0.18)|ATR=7.12|ADX=21.62|RSI=51.9|MACDH=-1.175|BW=0.0000|Accel=0.4496|GradStab=0.5331|VOL=1|VPM=2.00
2025-11-21 07:26:00,771,ENTRY,SHORT,24184.50,1,EnterShort_Bar1|ATR=6.91|ADX=21.07|RSI=48.1|MACDH=-1.313|BW=0.0000|Accel=-0.6570|GradStab=0.5186|VOL=1|VPM=2.00
2025-11-21 07:27:00,773,EXIT,SHORT,24186.25,1,VALIDATION_FAILED:FastGrad>=0.0500(need<-0.18)|ATR=6.48|ADX=18.21|RSI=50.1|MACDH=-0.953|BW=0.0000|Accel=0.7263|GradStab=0.4380|VOL=1|VPM=2.00
2025-11-21 07:27:30,774,ENTRY,LONG,24190.75,1,EnterLong_Bar1|ATR=6.39|ADX=18.69|RSI=54.3|MACDH=-0.317|BW=0.0000|Accel=0.6603|GradStab=0.4888|VOL=1|VPM=2.00
2025-11-21 07:28:30,776,EXIT,LONG,24186.00,1,VALIDATION_FAILED:FastGrad<=-0.2754(need>0.18)|ATR=6.36|ADX=17.67|RSI=49.2|MACDH=-0.410|BW=0.0000|Accel=-1.0095|GradStab=0.4553|VOL=1|VPM=2.00
2025-11-21 07:29:00,777,ENTRY,SHORT,24176.00,1,EnterShort_Bar1|ATR=6.83|ADX=17.99|RSI=41.2|MACDH=-1.431|BW=0.0001|Accel=-1.4458|GradStab=0.6744|VOL=1|VPM=2.00
2025-11-21 07:42:30,804,EXIT,SHORT,24141.75,1,VALIDATION_FAILED:FastGrad>=0.1400(need<-0.18)|ATR=6.79|ADX=37.06|RSI=40.5|MACDH=1.215|BW=0.0002|Accel=0.4234|GradStab=0.6561|VOL=1|VPM=2.00
2025-11-21 07:43:00,805,ENTRY,SHORT,24135.25,1,EnterShort_Bar1|ATR=6.99|ADX=37.48|RSI=36.1|MACDH=0.802|BW=0.0003|Accel=-0.9924|GradStab=0.6017|VOL=4|VPM=8.00
2025-11-21 07:44:00,807,EXIT,SHORT,24140.25,1,VALIDATION_FAILED:FastGrad>=0.0432(need<-0.18)|ATR=6.73|ADX=36.89|RSI=41.5|MACDH=1.505|BW=0.0002|Accel=-0.2470|GradStab=0.5404|VOL=1|VPM=2.00
2025-11-21 07:44:30,808,ENTRY,LONG,24145.25,1,EnterLong_Bar1|ATR=6.83|ADX=34.66|RSI=46.6|MACDH=2.107|BW=0.0001|Accel=0.7359|GradStab=0.6208|VOL=1|VPM=2.00
2025-11-21 07:46:00,811,EXIT,LONG,24144.00,1,VALIDATION_FAILED:FastGrad<=-0.0137(need>0.18)|ATR=6.93|ADX=27.27|RSI=45.8|MACDH=2.218|BW=0.0001|Accel=-1.0222|GradStab=0.7766|VOL=3|VPM=6.00
2025-11-21 07:46:30,812,ENTRY,LONG,24150.00,1,EnterLong_Bar1|ATR=7.02|ADX=25.86|RSI=51.1|MACDH=2.574|BW=0.0000|Accel=0.9281|GradStab=0.6957|VOL=1|VPM=2.00
2025-11-21 07:48:00,815,EXIT,LONG,24135.00,1,VALIDATION_FAILED:FastGrad<=-1.6187(need>0.18)|ATR=7.49|ADX=24.58|RSI=39.2|MACDH=0.678|BW=0.0001|Accel=-1.9787|GradStab=0.8276|VOL=1|VPM=2.00
2025-11-21 07:49:00,817,ENTRY,SHORT,24141.25,1,EnterShort_Bar1|ATR=8.20|ADX=23.42|RSI=45.6|MACDH=0.823|BW=0.0001|Accel=-0.5530|GradStab=0.8588|VOL=1|VPM=2.00
2025-11-21 07:52:00,823,EXIT,SHORT,24142.50,1,VALIDATION_FAILED:FastGrad>=0.2747(need<-0.18)|ATR=8.45|ADX=21.81|RSI=48.5|MACDH=0.664|BW=0.0001|Accel=0.8177|GradStab=0.6298|VOL=1|VPM=2.00
2025-11-21 07:52:30,824,ENTRY,SHORT,24135.25,1,EnterShort_Bar1|ATR=8.48|ADX=21.22|RSI=43.4|MACDH=0.077|BW=0.0001|Accel=-1.1780|GradStab=0.5948|VOL=1|VPM=2.00
2025-11-21 07:56:30,832,EXIT,SHORT,24139.75,1,VALIDATION_FAILED:FastGrad>=0.8372(need<-0.18)|ATR=7.54|ADX=18.82|RSI=50.4|MACDH=0.590|BW=0.0001|Accel=1.4352|GradStab=0.5683|VOL=1|VPM=2.00
2025-11-21 07:57:00,833,ENTRY,LONG,24142.00,1,EnterLong_Bar1|ATR=7.54|ADX=18.12|RSI=52.4|MACDH=1.065|BW=0.0000|Accel=0.2073|GradStab=0.7020|VOL=1|VPM=2.00
2025-11-21 07:59:00,837,EXIT,LONG,24139.25,1,VALIDATION_FAILED:FastGrad<=-0.2707(need>0.18)|ATR=8.02|ADX=14.41|RSI=48.7|MACDH=1.161|BW=0.0000|Accel=-2.0156|GradStab=0.9960|VOL=1|VPM=2.00
2025-11-21 08:02:00,843,ENTRY,LONG,24144.00,1,EnterLong_Bar1|ATR=7.76|ADX=10.91|RSI=52.3|MACDH=0.632|BW=0.0000|Accel=0.5631|GradStab=0.7682|VOL=1|VPM=2.00
2025-11-21 08:03:00,845,EXIT,LONG,24140.50,1,VALIDATION_FAILED:FastGrad<=-0.2178(need>0.18)|ATR=7.55|ADX=10.51|RSI=49.1|MACDH=0.153|BW=0.0000|Accel=-0.3758|GradStab=0.6795|VOL=1|VPM=2.00
2025-11-21 08:03:30,846,ENTRY,SHORT,24135.50,1,EnterShort_Bar1|ATR=7.43|ADX=10.58|RSI=44.8|MACDH=-0.453|BW=0.0000|Accel=-0.6959|GradStab=0.5498|VOL=1|VPM=2.00
2025-11-21 08:05:00,849,EXIT,SHORT,24146.25,1,VALIDATION_FAILED:FastGrad>=1.0173(need<-0.18)|ATR=7.83|ADX=11.85|RSI=54.7|MACDH=0.457|BW=0.0000|Accel=1.5366|GradStab=0.5096|VOL=1|VPM=2.00
2025-11-21 08:05:30,850,ENTRY,LONG,24148.50,1,EnterLong_Bar1|ATR=7.90|ADX=12.57|RSI=56.3|MACDH=0.904|BW=0.0001|Accel=0.1250|GradStab=0.6337|VOL=1|VPM=2.00
2025-11-21 08:08:30,856,EXIT,LONG,24147.50,1,VALIDATION_FAILED:FastGrad<=0.1527(need>0.18)|ATR=8.07|ADX=19.73|RSI=53.3|MACDH=0.596|BW=0.0001|Accel=-0.4733|GradStab=0.6294|VOL=1|VPM=2.00
2025-11-21 08:09:00,857,ENTRY,SHORT,24143.50,1,EnterShort_Bar1|ATR=8.23|ADX=19.28|RSI=49.6|MACDH=0.010|BW=0.0000|Accel=-0.6063|GradStab=0.6249|VOL=1|VPM=2.00
2025-11-21 08:10:30,860,EXIT,SHORT,24149.75,1,VALIDATION_FAILED:FastGrad>=0.6412(need<-0.18)|ATR=8.09|ADX=20.68|RSI=55.1|MACDH=0.262|BW=0.0001|Accel=0.8272|GradStab=0.5397|VOL=1|VPM=2.00
2025-11-21 08:11:00,861,ENTRY,LONG,24151.50,1,EnterLong_Bar1|ATR=7.98|ADX=21.52|RSI=56.7|MACDH=0.480|BW=0.0001|Accel=0.1520|GradStab=0.5438|VOL=1|VPM=2.00
2025-11-21 08:14:30,868,EXIT,LONG,24156.00,1,VALIDATION_FAILED:FastGrad<=-0.0136(need>0.18)|ATR=8.14|ADX=28.90|RSI=54.9|MACDH=0.464|BW=0.0001|Accel=-0.7545|GradStab=0.6285|VOL=1|VPM=2.00
2025-11-21 08:15:00,869,ENTRY,LONG,24161.25,1,EnterLong_Bar1|ATR=8.20|ADX=30.06|RSI=59.2|MACDH=0.623|BW=0.0002|Accel=0.8496|GradStab=0.5289|VOL=1|VPM=2.00
2025-11-21 08:19:00,877,EXIT,LONG,24166.00,1,VALIDATION_FAILED:FastGrad<=-0.3234(need>0.18)|ATR=7.90|ADX=34.36|RSI=55.5|MACDH=-0.227|BW=0.0002|Accel=-0.5291|GradStab=0.9160|VOL=1|VPM=2.00
2025-11-21 08:19:30,878,ENTRY,SHORT,24162.75,1,EnterShort_Bar1|ATR=7.72|ADX=33.01|RSI=52.3|MACDH=-0.879|BW=0.0001|Accel=-0.4412|GradStab=1.0202|VOL=1|VPM=2.00
2025-11-21 08:21:30,882,EXIT,SHORT,24164.00,1,VALIDATION_FAILED:FastGrad>=0.1913(need<-0.18)|ATR=7.92|ADX=24.98|RSI=53.5|MACDH=-1.521|BW=0.0000|Accel=1.8161|GradStab=1.2259|VOL=1|VPM=2.00
2025-11-21 08:22:00,883,ENTRY,LONG,24166.75,1,EnterLong_Bar1|ATR=7.74|ADX=24.46|RSI=55.5|MACDH=-1.024|BW=0.0001|Accel=0.3578|GradStab=1.0036|VOL=1|VPM=2.00
2025-11-21 08:26:30,892,EXIT,LONG,24172.75,1,VALIDATION_FAILED:FastGrad<=0.1359(need>0.18)|ATR=6.74|ADX=20.91|RSI=56.5|MACDH=-0.077|BW=0.0001|Accel=-0.8282|GradStab=0.2898|VOL=1|VPM=2.00
2025-11-21 08:27:00,893,ENTRY,SHORT,24164.75,1,EnterShort_Bar1|ATR=6.86|ADX=19.60|RSI=48.1|MACDH=-1.040|BW=0.0001|Accel=-1.2065|GradStab=0.6218|VOL=1|VPM=2.00
2025-11-21 08:32:00,903,EXIT,SHORT,24149.00,1,VALIDATION_FAILED:FastGrad>=0.4734(need<-0.18)|ATR=8.27|ADX=30.35|RSI=44.8|MACDH=-1.828|BW=0.0002|Accel=2.4807|GradStab=0.9813|VOL=1|VPM=2.00
2025-11-21 08:33:00,905,ENTRY,SHORT,24143.75,1,EnterShort_Bar1|ATR=8.14|ADX=29.91|RSI=41.0|MACDH=-1.059|BW=0.0002|Accel=-0.5531|GradStab=1.2506|VOL=1|VPM=2.00
2025-11-21 08:34:00,907,EXIT,SHORT,24149.00,1,VALIDATION_FAILED:FastGrad>=0.5654(need<-0.18)|ATR=7.72|ADX=28.63|RSI=46.6|MACDH=0.123|BW=0.0002|Accel=0.9855|GradStab=1.4081|VOL=1|VPM=2.00
2025-11-21 08:35:30,910,ENTRY,LONG,24164.25,1,EnterLong_Bar1|ATR=8.16|ADX=25.05|RSI=59.2|MACDH=2.458|BW=0.0000|Accel=2.0256|GradStab=1.4445|VOL=1|VPM=2.00
2025-11-21 08:38:00,915,EXIT,LONG,24158.50,1,VALIDATION_FAILED:FastGrad<=0.0571(need>0.18)|ATR=7.57|ADX=19.54|RSI=52.1|MACDH=1.806|BW=0.0001|Accel=-0.9622|GradStab=1.1094|VOL=1|VPM=2.00
2025-11-21 08:38:30,916,ENTRY,SHORT,24152.50,1,EnterShort_Bar1|ATR=7.44|ADX=19.52|RSI=46.9|MACDH=0.848|BW=0.0000|Accel=-0.9195|GradStab=1.1762|VOL=1|VPM=2.00
2025-11-21 08:40:30,920,EXIT,SHORT,24159.25,1,VALIDATION_FAILED:FastGrad>=0.8662(need<-0.18)|ATR=7.81|ADX=18.42|RSI=53.3|MACDH=0.497|BW=0.0000|Accel=1.5802|GradStab=1.4191|VOL=1|VPM=2.00
2025-11-21 08:41:00,921,ENTRY,LONG,24160.75,1,EnterLong_Bar1|ATR=7.58|ADX=17.33|RSI=54.4|MACDH=0.784|BW=0.0000|Accel=0.0822|GradStab=1.1827|VOL=1|VPM=2.00
2025-11-21 08:46:00,931,EXIT,LONG,24166.75,1,VALIDATION_FAILED:FastGrad<=-0.2840(need>0.18)|ATR=6.44|ADX=15.24|RSI=53.9|MACDH=0.361|BW=0.0001|Accel=-0.5025|GradStab=0.6591|VOL=1|VPM=2.00
2025-11-21 08:47:30,934,ENTRY,LONG,24170.75,1,EnterLong_Bar1|ATR=6.18|ADX=13.29|RSI=57.7|MACDH=-0.025|BW=0.0001|Accel=0.5735|GradStab=0.8039|VOL=1|VPM=2.00
2025-11-21 08:48:30,936,EXIT,LONG,24170.75,1,VALIDATION_FAILED:FastGrad<=0.1798(need>0.18)|ATR=6.33|ADX=13.90|RSI=56.0|MACDH=0.001|BW=0.0001|Accel=-0.7066|GradStab=0.5733|VOL=1|VPM=2.00
2025-11-21 08:54:30,948,ENTRY,SHORT,24170.00,1,EnterShort_Bar1|ATR=7.55|ADX=20.88|RSI=45.4|MACDH=-1.309|BW=0.0001|Accel=-2.5124|GradStab=1.3146|VOL=1|VPM=2.00
2025-11-21 08:58:30,956,EXIT,SHORT,24178.50,1,VALIDATION_FAILED:FastGrad>=0.5140(need<-0.18)|ATR=7.16|ADX=13.81|RSI=53.4|MACDH=-0.994|BW=0.0000|Accel=0.7949|GradStab=0.8159|VOL=1|VPM=2.00
2025-11-21 09:00:00,959,ENTRY,SHORT,24172.50,1,EnterShort_Bar1|ATR=6.66|ADX=11.90|RSI=47.8|MACDH=-1.061|BW=0.0000|Accel=-0.4733|GradStab=0.4976|VOL=1|VPM=2.00
2025-11-21 09:01:30,962,EXIT,SHORT,24177.25,1,VALIDATION_FAILED:FastGrad>=0.4570(need<-0.18)|ATR=6.86|ADX=12.26|RSI=52.6|MACDH=-0.412|BW=0.0000|Accel=1.0096|GradStab=0.5321|VOL=1|VPM=2.00
2025-11-21 09:02:00,963,ENTRY,SHORT,24171.00,1,EnterShort_Bar1|ATR=7.00|ADX=12.70|RSI=46.8|MACDH=-0.836|BW=0.0000|Accel=-1.0294|GradStab=0.3666|VOL=1|VPM=2.00
2025-11-21 09:05:30,970,EXIT,SHORT,24168.00,1,VALIDATION_FAILED:FastGrad>=0.2969(need<-0.18)|ATR=6.85|ADX=19.66|RSI=47.9|MACDH=-0.670|BW=0.0001|Accel=1.2068|GradStab=0.7484|VOL=1|VPM=2.00
2025-11-21 09:06:00,971,ENTRY,LONG,24173.00,1,EnterLong_Bar1|ATR=7.07|ADX=17.28|RSI=52.5|MACDH=0.180|BW=0.0001|Accel=0.6816|GradStab=0.9063|VOL=1|VPM=2.00
2025-11-21 09:09:00,977,EXIT,LONG,24175.50,1,VALIDATION_FAILED:FastGrad<=-0.0457(need>0.18)|ATR=7.45|ADX=16.10|RSI=51.7|MACDH=0.912|BW=0.0001|Accel=-0.5151|GradStab=0.9363|VOL=1|VPM=2.00
2025-11-21 09:11:30,982,ENTRY,SHORT,24172.75,1,EnterShort_Bar1|ATR=6.82|ADX=13.77|RSI=48.4|MACDH=-0.122|BW=0.0000|Accel=-0.6024|GradStab=0.6559|VOL=1|VPM=2.00
2025-11-21 09:17:00,993,EXIT,SHORT,24169.00,1,VALIDATION_FAILED:FastGrad>=0.5401(need<-0.18)|ATR=7.07|ADX=20.47|RSI=49.7|MACDH=-0.247|BW=0.0001|Accel=1.6072|GradStab=0.5809|VOL=1|VPM=2.00
2025-11-21 09:17:30,994,ENTRY,LONG,24173.25,1,EnterLong_Bar1|ATR=7.17|ADX=19.29|RSI=53.5|MACDH=0.506|BW=0.0000|Accel=0.5175|GradStab=0.7507|VOL=1|VPM=2.00
2025-11-21 09:20:30,1000,EXIT,LONG,24173.50,1,VALIDATION_FAILED:FastGrad<=-0.7244(need>0.18)|ATR=8.53|ADX=20.63|RSI=49.6|MACDH=1.001|BW=0.0001|Accel=-2.5208|GradStab=1.2215|VOL=1|VPM=2.00
2025-11-21 09:21:00,1001,ENTRY,SHORT,24174.25,1,EnterShort_Bar1|ATR=8.29|ADX=19.53|RSI=50.2|MACDH=0.544|BW=0.0001|Accel=0.2763|GradStab=1.1635|VOL=1|VPM=2.00
2025-11-21 09:22:00,1003,EXIT,SHORT,24181.50,1,VALIDATION_FAILED:FastGrad>=0.6839(need<-0.18)|ATR=7.99|ADX=20.06|RSI=55.2|MACDH=0.794|BW=0.0001|Accel=0.5298|GradStab=1.0158|VOL=1|VPM=2.00
2025-11-21 09:28:00,1015,ENTRY,SHORT,24179.50,1,EnterShort_Bar1|ATR=7.33|ADX=14.85|RSI=50.1|MACDH=-0.546|BW=0.0001|Accel=-0.3220|GradStab=0.5758|VOL=1|VPM=2.00
2025-11-21 09:29:00,1017,EXIT,SHORT,24181.00,1,VALIDATION_FAILED:GradientsNotNegative(F:-0.2286,S:0.0127)|ATR=6.96|ADX=12.81|RSI=51.2|MACDH=-0.524|BW=0.0000|Accel=-0.4492|GradStab=0.5804|VOL=1|VPM=2.00
2025-11-21 09:30:00,1019,ENTRY,SHORT,24178.50,1,EnterShort_Bar1|ATR=6.60|ADX=11.61|RSI=48.6|MACDH=-0.841|BW=0.0000|Accel=-0.5107|GradStab=0.4959|VOL=1|VPM=2.00
2025-11-21 09:31:00,1021,EXIT,SHORT,24193.75,1,VALIDATION_FAILED:FastGrad>=1.4392(need<-0.18)|ATR=7.77|ADX=16.83|RSI=60.5|MACDH=0.909|BW=0.0001|Accel=-0.3501|GradStab=0.7522|VOL=1|VPM=2.00
2025-11-21 09:33:30,1026,ENTRY,SHORT,24182.00,1,EnterShort_Bar1|ATR=7.62|ADX=12.55|RSI=49.5|MACDH=-0.645|BW=0.0000|Accel=-0.6858|GradStab=0.7699|VOL=1|VPM=2.00
2025-11-21 09:39:30,1038,EXIT,SHORT,24154.50,1,VALIDATION_FAILED:FastGrad>=0.0566(need<-0.18)|ATR=9.10|ADX=25.79|RSI=42.3|MACDH=-0.404|BW=0.0003|Accel=0.3915|GradStab=1.4646|VOL=1|VPM=2.00
2025-11-21 09:40:00,1039,ENTRY,SHORT,24150.25,1,EnterShort_Bar1|ATR=8.96|ADX=24.83|RSI=39.3|MACDH=-0.321|BW=0.0003|Accel=-0.6756|GradStab=1.3184|VOL=1|VPM=2.00
2025-11-21 09:41:00,1041,EXIT,SHORT,24156.75,1,VALIDATION_FAILED:FastGrad>=0.5413(need<-0.18)|ATR=9.90|ADX=25.64|RSI=45.7|MACDH=0.855|BW=0.0002|Accel=1.5312|GradStab=1.0305|VOL=1|VPM=2.00
2025-11-21 09:42:00,1043,ENTRY,LONG,24160.75,1,EnterLong_Bar1|ATR=9.57|ADX=23.67|RSI=49.1|MACDH=1.805|BW=0.0001|Accel=0.3579|GradStab=0.7047|VOL=1|VPM=2.00
2025-11-21 09:43:00,1045,EXIT,LONG,24159.50,1,VALIDATION_FAILED:GradientsNotPositive(F:0.3452,S:-0.0051)|ATR=9.57|ADX=20.36|RSI=48.0|MACDH=1.930|BW=0.0001|Accel=-0.7484|GradStab=0.6536|VOL=1|VPM=2.00
2025-11-21 09:52:00,1063,ENTRY,SHORT,24097.50,1,EnterShort_Bar1|ATR=13.09|ADX=35.29|RSI=35.4|MACDH=-0.774|BW=0.0005|Accel=-2.7205|GradStab=2.0429|VOL=1|VPM=2.00
2025-11-21 09:58:00,1075,EXIT,SHORT,24084.00,1,VALIDATION_FAILED:FastGrad>=0.6196(need<-0.18)|ATR=11.50|ADX=34.09|RSI=39.7|MACDH=1.898|BW=0.0004|Accel=1.4835|GradStab=1.1846|VOL=1|VPM=2.00
2025-11-21 09:58:30,1076,ENTRY,SHORT,24077.25,1,EnterShort_Bar1|ATR=11.43|ADX=33.27|RSI=36.1|MACDH=1.766|BW=0.0004|Accel=-1.1251|GradStab=1.2076|VOL=1|VPM=2.00
2025-11-21 10:00:00,1079,EXIT,SHORT,24078.75,1,VALIDATION_FAILED:FastGrad>=-0.1628(need<-0.18)|ATR=11.05|ADX=31.60|RSI=38.7|MACDH=2.467|BW=0.0003|Accel=0.1827|GradStab=1.0858|VOL=1|VPM=2.00
2025-11-21 10:01:00,1081,ENTRY,LONG,24090.00,1,EnterLong_Bar1|ATR=11.12|ADX=27.74|RSI=48.1|MACDH=3.696|BW=0.0002|Accel=1.4803|GradStab=0.9683|VOL=1|VPM=2.00
2025-11-21 10:02:00,1083,EXIT,LONG,24082.50,1,VALIDATION_FAILED:FastGrad<=-0.0275(need>0.18)|ATR=11.21|ADX=24.60|RSI=43.3|MACDH=3.119|BW=0.0001|Accel=-1.0898|GradStab=0.7002|VOL=1|VPM=2.00
2025-11-21 10:02:30,1084,ENTRY,LONG,24099.75,1,EnterLong_Bar1|ATR=12.09|ADX=24.36|RSI=54.9|MACDH=4.625|BW=0.0000|Accel=2.5877|GradStab=0.9231|VOL=1|VPM=2.00
2025-11-21 10:12:00,1103,EXIT,LONG,24155.25,1,VALIDATION_FAILED:FastGrad<=-0.0294(need>0.18)|ATR=13.30|ADX=36.16|RSI=64.1|MACDH=0.571|BW=0.0006|Accel=-1.0389|GradStab=2.4111|VOL=1|VPM=2.00
2025-11-21 10:17:00,1113,ENTRY,LONG,24165.25,1,EnterLong_Bar1|ATR=11.21|ADX=27.79|RSI=62.5|MACDH=-2.115|BW=0.0003|Accel=0.4305|GradStab=0.5992|VOL=1|VPM=2.00
2025-11-21 10:18:00,1115,EXIT,LONG,24162.00,1,VALIDATION_FAILED:FastGrad<=-0.3853(need>0.18)|ATR=11.12|ADX=26.96|RSI=57.6|MACDH=-2.438|BW=0.0003|Accel=-1.2982|GradStab=0.6674|VOL=1|VPM=2.00
2025-11-21 10:19:00,1117,ENTRY,SHORT,24155.75,1,EnterShort_Bar1|ATR=11.16|ADX=23.37|RSI=52.6|MACDH=-3.332|BW=0.0002|Accel=-0.1084|GradStab=0.9450|VOL=1|VPM=2.00
2025-11-21 10:24:00,1127,EXIT,SHORT,24147.00,1,VALIDATION_FAILED:FastGrad>=1.8638(need<-0.18)|ATR=13.82|ADX=20.59|RSI=52.1|MACDH=-1.908|BW=0.0002|Accel=3.6868|GradStab=2.0137|VOL=1|VPM=2.00
2025-11-21 10:24:30,1128,ENTRY,LONG,24146.75,1,EnterLong_Bar1|ATR=13.70|ADX=19.00|RSI=52.0|MACDH=-0.915|BW=0.0001|Accel=-0.3513|GradStab=2.2068|VOL=1|VPM=2.00
2025-11-21 10:26:30,1132,EXIT,LONG,24131.00,1,VALIDATION_FAILED:FastGrad<=-2.0566(need>0.18)|ATR=13.64|ADX=16.85|RSI=43.9|MACDH=-0.839|BW=0.0001|Accel=-2.9672|GradStab=2.6542|VOL=1|VPM=2.00
2025-11-21 10:27:00,1133,ENTRY,SHORT,24136.75,1,EnterShort_Bar1|ATR=13.62|ADX=16.82|RSI=46.8|MACDH=-0.599|BW=0.0001|Accel=1.2376|GradStab=2.1925|VOL=1|VPM=2.00
2025-11-21 10:28:00,1135,EXIT,SHORT,24156.50,1,VALIDATION_FAILED:FastGrad>=2.6444(need<-0.18)|ATR=14.85|ADX=14.73|RSI=55.4|MACDH=1.214|BW=0.0000|Accel=4.5790|GradStab=1.8795|VOL=1|VPM=2.00
2025-11-21 10:28:30,1136,ENTRY,LONG,24149.75,1,EnterLong_Bar1|ATR=14.38|ADX=14.05|RSI=52.5|MACDH=1.071|BW=0.0000|Accel=-1.4849|GradStab=1.7156|VOL=1|VPM=2.00
2025-11-21 10:29:30,1138,EXIT,LONG,24137.50,1,VALIDATION_FAILED:FastGrad<=-0.9740(need>0.18)|ATR=13.97|ADX=14.04|RSI=47.4|MACDH=-0.020|BW=0.0000|Accel=-1.0260|GradStab=1.7233|VOL=1|VPM=2.00
2025-11-21 10:30:00,1139,ENTRY,SHORT,24139.00,1,EnterShort_Bar1|ATR=13.62|ADX=13.82|RSI=48.0|MACDH=-0.102|BW=0.0000|Accel=0.4085|GradStab=1.4821|VOL=1|VPM=2.00
2025-11-21 10:31:00,1141,EXIT,SHORT,24142.50,1,VALIDATION_FAILED:FastGrad>=-0.1381(need<-0.18)|ATR=13.45|ADX=12.18|RSI=49.5|MACDH=0.314|BW=0.0000|Accel=-0.9895|GradStab=1.3667|VOL=1|VPM=2.00
2025-11-21 10:31:30,1142,ENTRY,LONG,24155.75,1,EnterLong_Bar1|ATR=13.61|ADX=11.89|RSI=55.3|MACDH=1.501|BW=0.0001|Accel=2.0540|GradStab=1.3400|VOL=1|VPM=2.00
2025-11-21 10:34:00,1147,EXIT,LONG,24146.75,1,VALIDATION_FAILED:FastGrad<=-0.6604(need>0.18)|ATR=12.38|ADX=10.36|RSI=49.7|MACDH=0.377|BW=0.0001|Accel=-0.8836|GradStab=0.9981|VOL=1|VPM=2.00
2025-11-21 10:34:30,1148,ENTRY,SHORT,24140.50,1,EnterShort_Bar1|ATR=12.45|ADX=11.45|RSI=46.6|MACDH=-0.613|BW=0.0000|Accel=-0.8014|GradStab=1.0756|VOL=1|VPM=2.00
2025-11-21 10:38:30,1156,EXIT,SHORT,24139.50,1,VALIDATION_FAILED:FastGrad>=0.7762(need<-0.18)|ATR=12.56|ADX=16.02|RSI=49.5|MACDH=-0.972|BW=0.0001|Accel=3.1457|GradStab=0.9759|VOL=1|VPM=2.00
2025-11-21 10:39:00,1157,ENTRY,LONG,24150.75,1,EnterLong_Bar1|ATR=12.63|ADX=14.28|RSI=54.9|MACDH=0.726|BW=0.0000|Accel=1.5324|GradStab=1.4710|VOL=1|VPM=2.00
2025-11-21 10:41:30,1162,EXIT,LONG,24136.50,1,VALIDATION_FAILED:FastGrad<=-1.0800(need>0.18)|ATR=12.52|ADX=13.22|RSI=46.6|MACDH=0.286|BW=0.0000|Accel=-2.3964|GradStab=1.6580|VOL=1|VPM=2.00
2025-11-21 10:42:00,1163,ENTRY,LONG,24148.00,1,EnterLong_Bar1|ATR=12.75|ADX=13.61|RSI=52.8|MACDH=1.100|BW=0.0000|Accel=1.9154|GradStab=1.6309|VOL=1|VPM=2.00
2025-11-21 10:43:30,1166,EXIT,LONG,24146.00,1,VALIDATION_FAILED:FastGrad<=0.1476(need>0.18)|ATR=11.74|ADX=13.97|RSI=51.4|MACDH=0.756|BW=0.0000|Accel=-0.4217|GradStab=0.8361|VOL=1|VPM=2.00
2025-11-21 10:44:00,1167,ENTRY,LONG,24151.75,1,EnterLong_Bar1|ATR=11.68|ADX=12.48|RSI=54.8|MACDH=1.178|BW=0.0001|Accel=0.8368|GradStab=0.6810|VOL=1|VPM=2.00
2025-11-21 10:49:30,1178,EXIT,LONG,24171.25,1,VALIDATION_FAILED:FastGrad<=-0.3800(need>0.18)|ATR=10.68|ADX=17.82|RSI=56.3|MACDH=1.007|BW=0.0003|Accel=-1.2438|GradStab=1.2648|VOL=1|VPM=2.00
2025-11-21 10:50:30,1180,ENTRY,SHORT,24163.00,1,EnterShort_Bar1|ATR=11.00|ADX=16.38|RSI=50.6|MACDH=-1.088|BW=0.0002|Accel=-1.4998|GradStab=1.7616|VOL=1|VPM=2.00
2025-11-21 10:51:30,1182,EXIT,SHORT,24168.75,1,VALIDATION_FAILED:FastGrad>=-0.0595(need<-0.18)|ATR=11.26|ADX=15.06|RSI=53.8|MACDH=-1.505|BW=0.0001|Accel=1.7759|GradStab=1.9805|VOL=1|VPM=2.00
2025-11-21 10:52:00,1183,ENTRY,LONG,24183.50,1,EnterLong_Bar1|ATR=11.70|ADX=15.50|RSI=60.6|MACDH=-0.041|BW=0.0002|Accel=2.2050|GradStab=2.0038|VOL=1|VPM=2.00
2025-11-21 11:01:30,1202,EXIT,LONG,24201.00,1,VALIDATION_FAILED:FastGrad<=-0.8201(need>0.18)|ATR=8.52|ADX=29.00|RSI=55.8|MACDH=-2.052|BW=0.0002|Accel=-1.0652|GradStab=0.6736|VOL=1|VPM=2.00
2025-11-21 11:02:00,1203,ENTRY,SHORT,24194.00,1,EnterShort_Bar1|ATR=8.61|ADX=26.72|RSI=49.1|MACDH=-2.991|BW=0.0001|Accel=-0.9170|GradStab=0.9751|VOL=1|VPM=2.00
2025-11-21 11:04:30,1208,EXIT,SHORT,24203.50,1,VALIDATION_FAILED:FastGrad>=0.7986(need<-0.18)|ATR=8.65|ADX=21.49|RSI=57.5|MACDH=-2.068|BW=0.0001|Accel=1.9791|GradStab=0.8976|VOL=1|VPM=2.00
2025-11-21 11:05:00,1209,ENTRY,SHORT,24194.75,1,EnterShort_Bar1|ATR=9.02|ADX=21.63|RSI=49.6|MACDH=-2.550|BW=0.0000|Accel=-1.4221|GradStab=0.7622|VOL=1|VPM=2.00
2025-11-21 11:07:00,1213,EXIT,SHORT,24195.00,1,VALIDATION_FAILED:FastGrad>=0.0162(need<-0.18)|ATR=9.02|ADX=16.01|RSI=50.5|MACDH=-1.806|BW=0.0000|Accel=0.6934|GradStab=0.6290|VOL=1|VPM=2.00
2025-11-21 11:07:30,1214,ENTRY,LONG,24204.50,1,EnterLong_Bar1|ATR=9.04|ADX=16.84|RSI=58.0|MACDH=-0.573|BW=0.0000|Accel=1.4268|GradStab=0.8600|VOL=1|VPM=2.00
2025-11-21 11:10:00,1219,EXIT,LONG,24193.75,1,VALIDATION_FAILED:FastGrad<=-1.3813(need>0.18)|ATR=9.05|ADX=16.23|RSI=46.4|MACDH=-0.695|BW=0.0000|Accel=-2.7587|GradStab=1.0805|VOL=1|VPM=2.00
2025-11-21 11:10:30,1220,ENTRY,SHORT,24196.25,1,EnterShort_Bar1|ATR=9.02|ADX=15.08|RSI=48.5|MACDH=-0.800|BW=0.0000|Accel=0.6148|GradStab=1.0138|VOL=1|VPM=2.00
2025-11-21 11:12:30,1224,EXIT,SHORT,24198.25,1,VALIDATION_FAILED:FastGrad>=0.3335(need<-0.18)|ATR=9.48|ADX=13.99|RSI=51.5|MACDH=-0.874|BW=0.0000|Accel=1.0370|GradStab=1.1255|VOL=1|VPM=2.00
2025-11-21 11:13:00,1225,ENTRY,LONG,24202.25,1,EnterLong_Bar1|ATR=9.35|ADX=13.79|RSI=54.7|MACDH=-0.225|BW=0.0000|Accel=0.5344|GradStab=1.1008|VOL=1|VPM=2.00
2025-11-21 11:14:00,1227,EXIT,LONG,24196.50,1,VALIDATION_FAILED:FastGrad<=-0.1880(need>0.18)|ATR=9.29|ADX=12.83|RSI=49.5|MACDH=-0.493|BW=0.0000|Accel=-0.7865|GradStab=0.9426|VOL=1|VPM=2.00
2025-11-21 11:28:30,1256,ENTRY,SHORT,24125.50,1,EnterShort_Bar1|ATR=11.30|ADX=45.88|RSI=38.6|MACDH=0.788|BW=0.0004|Accel=-0.7031|GradStab=1.1895|VOL=1|VPM=2.00
2025-11-21 11:30:30,1260,EXIT,SHORT,24133.25,1,VALIDATION_FAILED:FastGrad>=1.1158(need<-0.18)|ATR=10.85|ADX=42.08|RSI=45.9|MACDH=2.562|BW=0.0003|Accel=1.7419|GradStab=1.4576|VOL=1|VPM=2.00
2025-11-21 11:33:30,1266,ENTRY,SHORT,24118.50,1,EnterShort_Bar1|ATR=10.99|ADX=28.03|RSI=39.1|MACDH=1.497|BW=0.0002|Accel=-1.4563|GradStab=0.6720|VOL=1|VPM=2.00
2025-11-21 11:34:30,1268,EXIT,SHORT,24125.00,1,VALIDATION_FAILED:FastGrad>=-0.0264(need<-0.18)|ATR=10.32|ADX=25.11|RSI=43.8|MACDH=1.886|BW=0.0002|Accel=0.4402|GradStab=0.5843|VOL=1|VPM=2.00
2025-11-21 11:35:30,1270,ENTRY,SHORT,24122.50,1,EnterShort_Bar1|ATR=10.15|ADX=21.94|RSI=42.7|MACDH=1.635|BW=0.0001|Accel=-1.0137|GradStab=0.4602|VOL=1|VPM=2.00
2025-11-21 11:47:30,1294,EXIT,SHORT,24073.75,1,VALIDATION_FAILED:FastGrad>=1.0468(need<-0.18)|ATR=10.60|ADX=36.28|RSI=42.1|MACDH=0.631|BW=0.0004|Accel=3.5856|GradStab=1.3671|VOL=1|VPM=2.00
2025-11-21 11:48:30,1296,ENTRY,LONG,24080.25,1,EnterLong_Bar1|ATR=10.69|ADX=33.25|RSI=47.1|MACDH=2.723|BW=0.0003|Accel=1.3191|GradStab=1.9239|VOL=1|VPM=2.00
2025-11-21 11:51:30,1302,EXIT,LONG,24079.25,1,VALIDATION_FAILED:FastGrad<=0.0832(need>0.18)|ATR=9.72|ADX=23.88|RSI=46.5|MACDH=3.241|BW=0.0001|Accel=-0.4831|GradStab=1.2270|VOL=1|VPM=2.00
2025-11-21 11:52:30,1304,ENTRY,SHORT,24072.50,1,EnterShort_Bar1|ATR=9.46|ADX=22.98|RSI=42.2|MACDH=1.911|BW=0.0001|Accel=-0.9218|GradStab=0.8645|VOL=1|VPM=2.00
2025-11-21 11:55:00,1309,EXIT,SHORT,24074.25,1,VALIDATION_FAILED:FastGrad>=0.8136(need<-0.18)|ATR=9.54|ADX=23.56|RSI=47.8|MACDH=0.942|BW=0.0001|Accel=2.2737|GradStab=1.2566|VOL=1|VPM=2.00
2025-11-21 12:09:30,1338,ENTRY,SHORT,23938.25,1,EnterShort_Bar1|ATR=15.21|ADX=43.88|RSI=30.6|MACDH=1.448|BW=0.0008|Accel=-3.5819|GradStab=2.6090|VOL=1|VPM=2.00
2025-11-21 12:11:00,1341,EXIT,SHORT,23959.00,1,VALIDATION_FAILED:FastGrad>=1.3307(need<-0.18)|ATR=15.85|ADX=40.84|RSI=43.1|MACDH=4.779|BW=0.0005|Accel=3.2396|GradStab=2.3123|VOL=1|VPM=2.00
2025-11-21 12:11:30,1342,ENTRY,LONG,23972.25,1,EnterLong_Bar1|ATR=15.63|ADX=37.62|RSI=48.0|MACDH=6.648|BW=0.0004|Accel=1.7374|GradStab=2.2123|VOL=1|VPM=2.00
2025-11-21 12:15:30,1350,EXIT,LONG,23968.00,1,VALIDATION_FAILED:FastGrad<=-0.5358(need>0.18)|ATR=16.03|ADX=22.61|RSI=47.0|MACDH=4.694|BW=0.0000|Accel=-2.1890|GradStab=1.5482|VOL=1|VPM=2.00
2025-11-21 12:16:00,1351,ENTRY,SHORT,23968.25,1,EnterShort_Bar1|ATR=15.40|ADX=21.14|RSI=47.1|MACDH=3.986|BW=0.0000|Accel=0.1346|GradStab=1.6723|VOL=1|VPM=2.00
2025-11-21 12:20:00,1359,EXIT,SHORT,23956.50,1,VALIDATION_FAILED:FastGrad>=1.2748(need<-0.18)|ATR=14.81|ADX=18.79|RSI=47.8|MACDH=0.897|BW=0.0002|Accel=3.0955|GradStab=1.4125|VOL=1|VPM=2.00
2025-11-21 12:20:30,1360,ENTRY,SHORT,23947.00,1,EnterShort_Bar1|ATR=14.80|ADX=17.50|RSI=44.4|MACDH=0.591|BW=0.0002|Accel=-1.6450|GradStab=1.4286|VOL=1|VPM=2.00
2025-11-21 12:25:30,1370,EXIT,SHORT,23943.75,1,VALIDATION_FAILED:FastGrad>=1.2427(need<-0.18)|ATR=13.89|ADX=16.90|RSI=48.1|MACDH=1.942|BW=0.0002|Accel=1.7087|GradStab=1.0237|VOL=1|VPM=2.00
2025-11-21 12:26:00,1371,ENTRY,LONG,23943.50,1,EnterLong_Bar1|ATR=14.16|ADX=15.66|RSI=47.9|MACDH=2.291|BW=0.0001|Accel=-0.2631|GradStab=1.1725|VOL=1|VPM=2.00
2025-11-21 12:27:00,1373,EXIT,LONG,23937.50,1,VALIDATION_FAILED:FastGrad<=-0.2518(need>0.18)|ATR=14.11|ADX=14.61|RSI=44.4|MACDH=1.956|BW=0.0001|Accel=-0.8178|GradStab=0.9026|VOL=1|VPM=2.00
2025-11-21 12:27:30,1374,ENTRY,SHORT,23923.50,1,EnterShort_Bar1|ATR=14.30|ADX=16.21|RSI=37.7|MACDH=0.388|BW=0.0002|Accel=-2.0121|GradStab=1.0008|VOL=1|VPM=2.00
2025-11-21 12:31:00,1381,EXIT,SHORT,23933.00,1,VALIDATION_FAILED:FastGrad>=1.8806(need<-0.18)|ATR=14.26|ADX=21.13|RSI=49.7|MACDH=1.292|BW=0.0002|Accel=3.4255|GradStab=1.4511|VOL=1|VPM=2.00
2025-11-21 12:31:30,1382,ENTRY,LONG,23945.50,1,EnterLong_Bar1|ATR=14.30|ADX=20.66|RSI=55.9|MACDH=3.220|BW=0.0001|Accel=1.5258|GradStab=1.9729|VOL=1|VPM=2.00
2025-11-21 12:43:30,1406,EXIT,LONG,24048.75,1,VALIDATION_FAILED:FastGrad<=0.0173(need>0.18)|ATR=12.24|ADX=50.87|RSI=66.1|MACDH=-2.212|BW=0.0007|Accel=-0.4028|GradStab=1.3718|VOL=1|VPM=2.00
2025-11-21 12:45:30,1410,ENTRY,SHORT,24031.50,1,EnterShort_Bar1|ATR=11.49|ADX=44.23|RSI=53.6|MACDH=-5.967|BW=0.0003|Accel=-0.5550|GradStab=2.0087|VOL=1|VPM=2.00
2025-11-21 12:46:30,1412,EXIT,SHORT,24045.00,1,VALIDATION_FAILED:FastGrad>=0.2613(need<-0.18)|ATR=11.39|ADX=42.26|RSI=60.1|MACDH=-4.669|BW=0.0003|Accel=0.3005|GradStab=1.4426|VOL=1|VPM=2.00
2025-11-21 12:47:00,1413,ENTRY,LONG,24046.50,1,EnterLong_Bar1|ATR=11.09|ADX=41.76|RSI=60.7|MACDH=-4.226|BW=0.0003|Accel=0.1591|GradStab=1.1841|VOL=1|VPM=2.00
2025-11-21 12:48:00,1415,EXIT,LONG,24042.25,1,VALIDATION_FAILED:FastGrad<=-0.4087(need>0.18)|ATR=10.60|ADX=39.33|RSI=56.8|MACDH=-4.123|BW=0.0002|Accel=-0.9344|GradStab=0.8404|VOL=1|VPM=2.00
2025-11-21 12:49:00,1417,ENTRY,SHORT,24035.25,1,EnterShort_Bar1|ATR=10.49|ADX=33.95|RSI=51.9|MACDH=-4.578|BW=0.0001|Accel=-0.5872|GradStab=0.8663|VOL=1|VPM=2.00
2025-11-21 12:50:00,1419,EXIT,SHORT,24052.00,1,VALIDATION_FAILED:FastGrad>=1.2838(need<-0.18)|ATR=10.89|ADX=32.96|RSI=61.1|MACDH=-2.423|BW=0.0002|Accel=0.4420|GradStab=0.9903|VOL=1|VPM=2.00
2025-11-21 12:50:30,1420,ENTRY,LONG,24053.75,1,EnterLong_Bar1|ATR=11.13|ADX=33.19|RSI=61.3|MACDH=-1.817|BW=0.0002|Accel=-0.0309|GradStab=0.7944|VOL=1|VPM=2.00
2025-11-21 12:56:00,1431,EXIT,LONG,24075.00,1,VALIDATION_FAILED:FastGrad<=-0.5178(need>0.18)|ATR=10.64|ADX=36.78|RSI=58.6|MACDH=-0.946|BW=0.0004|Accel=-1.0667|GradStab=1.5258|VOL=1|VPM=2.00
2025-11-21 12:56:30,1432,ENTRY,LONG,24086.00,1,EnterLong_Bar1|ATR=11.24|ADX=36.61|RSI=63.3|MACDH=-0.446|BW=0.0004|Accel=1.7140|GradStab=1.5694|VOL=1|VPM=2.00
2025-11-21 12:59:00,1437,EXIT,LONG,24084.25,1,VALIDATION_FAILED:FastGrad<=-0.1986(need>0.18)|ATR=10.33|ADX=32.87|RSI=59.6|MACDH=-1.662|BW=0.0003|Accel=-1.1932|GradStab=0.9333|VOL=1|VPM=2.00
2025-11-21 13:00:00,1439,ENTRY,LONG,24093.50,1,EnterLong_Bar1|ATR=10.03|ADX=31.39|RSI=64.7|MACDH=-1.253|BW=0.0003|Accel=1.2835|GradStab=0.6882|VOL=1|VPM=2.00
2025-11-21 13:01:00,1441,EXIT,LONG,24087.25,1,VALIDATION_FAILED:FastGrad<=-0.1011(need>0.18)|ATR=10.17|ADX=29.12|RSI=59.0|MACDH=-1.877|BW=0.0002|Accel=-0.8715|GradStab=0.6175|VOL=1|VPM=2.00
2025-11-21 13:01:30,1442,ENTRY,LONG,24106.50,1,EnterLong_Bar1|ATR=10.81|ADX=29.99|RSI=68.8|MACDH=-0.128|BW=0.0003|Accel=2.8986|GradStab=0.8628|VOL=1|VPM=2.00
2025-11-21 13:03:00,1445,EXIT,LONG,24096.50,1,VALIDATION_FAILED:FastGrad<=-0.4678(need>0.18)|ATR=11.90|ADX=30.07|RSI=57.0|MACDH=-0.706|BW=0.0003|Accel=-3.7243|GradStab=1.4546|VOL=1|VPM=2.00
2025-11-21 13:04:30,1448,ENTRY,SHORT,24090.00,1,EnterShort_Bar1|ATR=11.08|ADX=25.03|RSI=52.6|MACDH=-2.630|BW=0.0002|Accel=-0.5853|GradStab=1.6773|VOL=1|VPM=2.00
2025-11-21 13:07:00,1453,EXIT,SHORT,24094.00,1,VALIDATION_FAILED:FastGrad>=0.5938(need<-0.18)|ATR=10.46|ADX=18.75|RSI=55.1|MACDH=-2.417|BW=0.0001|Accel=2.0852|GradStab=1.3634|VOL=1|VPM=2.00
2025-11-21 13:07:30,1454,ENTRY,LONG,24103.25,1,EnterLong_Bar1|ATR=10.32|ADX=19.55|RSI=60.1|MACDH=-1.080|BW=0.0001|Accel=1.2681|GradStab=1.0071|VOL=1|VPM=2.00
2025-11-21 13:17:30,1474,EXIT,LONG,24137.75,1,VALIDATION_FAILED:FastGrad<=-0.2699(need>0.18)|ATR=10.04|ADX=35.94|RSI=60.5|MACDH=-0.902|BW=0.0003|Accel=-1.6370|GradStab=0.7992|VOL=1|VPM=2.00
2025-11-21 13:18:00,1475,ENTRY,LONG,24143.50,1,EnterLong_Bar1|ATR=10.08|ADX=34.88|RSI=63.6|MACDH=-0.783|BW=0.0003|Accel=0.8879|GradStab=0.8461|VOL=1|VPM=2.00
2025-11-21 13:19:00,1477,EXIT,LONG,24121.50,1,VALIDATION_FAILED:FastGrad<=-2.4698(need>0.18)|ATR=10.83|ADX=29.64|RSI=47.1|MACDH=-3.682|BW=0.0001|Accel=-0.7895|GradStab=1.5880|VOL=1|VPM=2.00
2025-11-21 13:19:30,1478,ENTRY,SHORT,24118.00,1,EnterShort_Bar1|ATR=10.66|ADX=28.48|RSI=45.2|MACDH=-4.421|BW=0.0000|Accel=-0.0468|GradStab=1.8154|VOL=1|VPM=2.00
2025-11-21 13:24:00,1487,EXIT,SHORT,24130.25,1,VALIDATION_FAILED:FastGrad>=1.7606(need<-0.18)|ATR=10.36|ADX=21.79|RSI=56.5|MACDH=-1.065|BW=0.0000|Accel=2.7098|GradStab=1.1053|VOL=1|VPM=2.00
2025-11-21 13:24:30,1488,ENTRY,LONG,24133.00,1,EnterLong_Bar1|ATR=10.28|ADX=21.79|RSI=58.2|MACDH=-0.099|BW=0.0000|Accel=0.0890|GradStab=1.3375|VOL=1|VPM=2.00
2025-11-21 13:25:30,1490,EXIT,LONG,24119.00,1,VALIDATION_FAILED:FastGrad<=-0.4929(need>0.18)|ATR=10.46|ADX=18.45|RSI=47.7|MACDH=-0.963|BW=0.0001|Accel=0.1095|GradStab=1.2551|VOL=1|VPM=2.00
2025-11-21 13:26:00,1491,ENTRY,SHORT,24116.50,1,EnterShort_Bar1|ATR=10.18|ADX=17.46|RSI=46.0|MACDH=-1.169|BW=0.0001|Accel=-0.2740|GradStab=1.2535|VOL=1|VPM=2.00
2025-11-21 13:33:00,1505,EXIT,SHORT,24092.25,1,VALIDATION_FAILED:FastGrad>=0.2580(need<-0.18)|ATR=9.72|ADX=21.50|RSI=42.0|MACDH=-0.077|BW=0.0003|Accel=1.1952|GradStab=0.8513|VOL=1|VPM=2.00
2025-11-21 13:33:30,1506,ENTRY,LONG,24101.50,1,EnterLong_Bar1|ATR=9.94|ADX=19.27|RSI=49.7|MACDH=1.348|BW=0.0002|Accel=1.3374|GradStab=1.2368|VOL=1|VPM=2.00
2025-11-21 13:35:00,1509,EXIT,LONG,24098.50,1,VALIDATION_FAILED:GradientsNotPositive(F:0.3387,S:-0.0751)|ATR=9.95|ADX=16.59|RSI=47.1|MACDH=2.114|BW=0.0001|Accel=-1.0197|GradStab=1.4438|VOL=1|VPM=2.00
2025-11-21 13:35:30,1510,ENTRY,SHORT,24093.75,1,EnterShort_Bar1|ATR=9.87|ADX=16.17|RSI=43.5|MACDH=1.557|BW=0.0001|Accel=-0.7682|GradStab=1.2387|VOL=1|VPM=2.00
2025-11-21 13:37:00,1513,EXIT,SHORT,24097.25,1,VALIDATION_FAILED:FastGrad>=0.2555(need<-0.18)|ATR=9.94|ADX=16.76|RSI=47.6|MACDH=1.449|BW=0.0001|Accel=0.7917|GradStab=0.7827|VOL=1|VPM=2.00
2025-11-21 13:37:30,1514,ENTRY,LONG,24102.50,1,EnterLong_Bar1|ATR=9.89|ADX=15.33|RSI=52.0|MACDH=1.946|BW=0.0000|Accel=0.7428|GradStab=0.6806|VOL=1|VPM=2.00
2025-11-21 13:38:30,1516,EXIT,LONG,24089.75,1,VALIDATION_FAILED:FastGrad<=-1.0150(need>0.18)|ATR=9.85|ADX=15.17|RSI=42.4|MACDH=0.547|BW=0.0001|Accel=-0.6583|GradStab=0.7381|VOL=1|VPM=2.00
2025-11-21 13:39:00,1517,ENTRY,SHORT,24086.50,1,EnterShort_Bar1|ATR=9.51|ADX=15.75|RSI=40.3|MACDH=0.015|BW=0.0001|Accel=-0.3072|GradStab=0.8023|VOL=1|VPM=2.00
2025-11-21 13:44:00,1527,EXIT,SHORT,24089.25,1,VALIDATION_FAILED:FastGrad>=1.1166(need<-0.18)|ATR=10.34|ADX=14.95|RSI=49.9|MACDH=0.941|BW=0.0001|Accel=1.5044|GradStab=1.3442|VOL=1|VPM=2.00
2025-11-21 13:44:30,1528,ENTRY,LONG,24089.50,1,EnterLong_Bar1|ATR=10.20|ADX=14.16|RSI=50.1|MACDH=1.345|BW=0.0001|Accel=-0.1741|GradStab=1.4492|VOL=1|VPM=2.00
2025-11-21 13:46:30,1532,EXIT,LONG,24083.50,1,VALIDATION_FAILED:FastGrad<=-0.2812(need>0.18)|ATR=10.14|ADX=11.37|RSI=46.1|MACDH=0.956|BW=0.0001|Accel=-0.8062|GradStab=1.0065|VOL=2|VPM=4.00
2025-11-21 13:47:00,1533,ENTRY,SHORT,24076.00,1,EnterShort_Bar1|ATR=10.46|ADX=11.79|RSI=41.2|MACDH=0.087|BW=0.0001|Accel=-1.0563|GradStab=0.7221|VOL=1|VPM=2.00
2025-11-21 13:56:00,1551,EXIT,SHORT,24030.00,1,VALIDATION_FAILED:FastGrad>=0.3719(need<-0.18)|ATR=10.91|ADX=39.62|RSI=38.0|MACDH=0.566|BW=0.0004|Accel=1.7810|GradStab=1.0628|VOL=1|VPM=2.00
2025-11-21 13:58:30,1556,ENTRY,LONG,24037.75,1,EnterLong_Bar1|ATR=12.26|ADX=30.76|RSI=48.0|MACDH=3.022|BW=0.0002|Accel=3.1990|GradStab=1.7098|VOL=1|VPM=2.00
2025-11-21 14:01:30,1562,EXIT,LONG,24033.75,1,VALIDATION_FAILED:FastGrad<=-1.2879(need>0.18)|ATR=12.19|ADX=23.43|RSI=44.7|MACDH=2.738|BW=0.0000|Accel=-2.6128|GradStab=1.7312|VOL=1|VPM=2.00
2025-11-21 14:02:00,1563,ENTRY,LONG,24050.75,1,EnterLong_Bar1|ATR=12.67|ADX=22.16|RSI=53.4|MACDH=3.737|BW=0.0001|Accel=2.7548|GradStab=1.6955|VOL=1|VPM=2.00
2025-11-21 14:05:00,1569,EXIT,LONG,24056.50,1,VALIDATION_FAILED:FastGrad<=-0.0970(need>0.18)|ATR=13.56|ADX=20.21|RSI=52.9|MACDH=2.751|BW=0.0002|Accel=-2.1805|GradStab=1.3864|VOL=1|VPM=2.00
2025-11-21 14:05:30,1570,ENTRY,SHORT,24048.25,1,EnterShort_Bar1|ATR=13.47|ADX=18.04|RSI=48.9|MACDH=1.157|BW=0.0001|Accel=-1.1931|GradStab=1.5697|VOL=1|VPM=2.00
2025-11-21 14:08:30,1576,EXIT,SHORT,24047.75,1,VALIDATION_FAILED:FastGrad>=0.5893(need<-0.18)|ATR=13.57|ADX=15.74|RSI=50.6|MACDH=-0.732|BW=0.0000|Accel=2.3791|GradStab=1.7522|VOL=1|VPM=2.00
2025-11-21 14:09:00,1577,ENTRY,SHORT,24024.50,1,EnterShort_Bar1|ATR=14.27|ADX=16.24|RSI=41.4|MACDH=-2.730|BW=0.0002|Accel=-3.5493|GradStab=1.5519|VOL=1|VPM=2.00
2025-11-21 14:14:30,1588,EXIT,SHORT,24006.50,1,VALIDATION_FAILED:FastGrad>=0.9131(need<-0.18)|ATR=14.68|ADX=23.34|RSI=44.5|MACDH=-1.629|BW=0.0005|Accel=4.3425|GradStab=1.6659|VOL=1|VPM=2.00
2025-11-21 14:15:30,1590,ENTRY,LONG,24018.00,1,EnterLong_Bar1|ATR=14.62|ADX=19.92|RSI=49.5|MACDH=1.700|BW=0.0003|Accel=1.3367|GradStab=2.4787|VOL=1|VPM=2.00
2025-11-21 14:18:00,1595,EXIT,LONG,24004.25,1,VALIDATION_FAILED:FastGrad<=-1.8044(need>0.18)|ATR=13.79|ADX=16.64|RSI=43.4|MACDH=1.715|BW=0.0001|Accel=-2.2455|GradStab=2.7620|VOL=1|VPM=2.00
2025-11-21 14:18:30,1596,ENTRY,SHORT,24009.75,1,EnterShort_Bar1|ATR=13.66|ADX=16.67|RSI=46.0|MACDH=1.748|BW=0.0001|Accel=1.1132|GradStab=2.0765|VOL=1|VPM=2.00
2025-11-21 14:20:00,1599,EXIT,SHORT,24010.75,1,VALIDATION_FAILED:FastGrad>=0.0127(need<-0.18)|ATR=14.07|ADX=17.12|RSI=47.4|MACDH=1.237|BW=0.0001|Accel=0.8962|GradStab=1.8963|VOL=1|VPM=2.00
2025-11-21 14:20:30,1600,ENTRY,LONG,24017.50,1,EnterLong_Bar1|ATR=13.99|ADX=16.30|RSI=50.4|MACDH=1.886|BW=0.0001|Accel=1.0431|GradStab=1.8222|VOL=1|VPM=2.00
2025-11-21 14:21:30,1602,EXIT,LONG,24008.75,1,VALIDATION_FAILED:FastGrad<=-0.5580(need>0.18)|ATR=13.75|ADX=14.22|RSI=46.4|MACDH=1.139|BW=0.0001|Accel=-1.1740|GradStab=1.1111|VOL=1|VPM=2.00
2025-11-21 14:22:00,1603,ENTRY,SHORT,23990.00,1,EnterShort_Bar1|ATR=14.13|ADX=16.34|RSI=39.0|MACDH=-0.879|BW=0.0002|Accel=-2.7291|GradStab=1.2738|VOL=1|VPM=2.00
2025-11-21 14:26:30,1612,EXIT,SHORT,23975.25,1,VALIDATION_FAILED:FastGrad>=-0.1054(need<-0.18)|ATR=13.20|ADX=26.72|RSI=40.5|MACDH=-0.438|BW=0.0004|Accel=0.1598|GradStab=1.5496|VOL=1|VPM=2.00
2025-11-21 14:28:00,1615,ENTRY,LONG,23986.75,1,EnterLong_Bar1|ATR=12.58|ADX=24.16|RSI=47.4|MACDH=2.557|BW=0.0002|Accel=-0.1688|GradStab=2.2234|VOL=1|VPM=2.00
2025-11-21 14:29:00,1617,EXIT,LONG,23981.75,1,VALIDATION_FAILED:FastGrad<=-0.0236(need>0.18)|ATR=11.73|ADX=23.75|RSI=44.5|MACDH=2.418|BW=0.0002|Accel=-0.7422|GradStab=1.7449|VOL=1|VPM=2.00
2025-11-21 14:29:30,1618,ENTRY,SHORT,23969.25,1,EnterShort_Bar1|ATR=11.86|ADX=25.26|RSI=38.4|MACDH=1.060|BW=0.0002|Accel=-1.8552|GradStab=1.5287|VOL=1|VPM=2.00
2025-11-21 14:31:00,1621,EXIT,SHORT,24128.75,1,VALIDATION_FAILED:FastGrad>=22.9525(need<-0.18)|ATR=21.94|ADX=31.13|RSI=79.5|MACDH=16.434|BW=0.0007|Accel=24.5712|GradStab=7.0492|VOL=1|VPM=2.00
2025-11-21 14:31:30,1622,ENTRY,LONG,24102.75,1,EnterLong_Bar1|ATR=23.83|ADX=33.32|RSI=71.1|MACDH=16.674|BW=0.0009|Accel=-8.0079|GradStab=7.9545|VOL=2|VPM=4.00
2025-11-21 14:41:00,1641,EXIT,LONG,24160.50,1,VALIDATION_FAILED:FastGrad<=-0.0452(need>0.18)|ATR=27.59|ADX=45.79|RSI=61.0|MACDH=-1.787|BW=0.0011|Accel=-3.8233|GradStab=2.3374|VOL=1|VPM=2.00
2025-11-21 14:43:30,1646,ENTRY,SHORT,24132.25,1,EnterShort_Bar1|ATR=25.37|ADX=36.52|RSI=52.5|MACDH=-9.327|BW=0.0004|Accel=-1.5210|GradStab=3.0180|VOL=2|VPM=4.00
2025-11-21 14:44:30,1648,EXIT,SHORT,24158.50,1,VALIDATION_FAILED:FastGrad>=1.6546(need<-0.18)|ATR=25.04|ADX=33.17|RSI=59.0|MACDH=-6.869|BW=0.0004|Accel=4.2838|GradStab=2.5492|VOL=1|VPM=2.00
2025-11-21 14:45:00,1649,ENTRY,LONG,24165.50,1,EnterLong_Bar1|ATR=24.58|ADX=32.50|RSI=60.6|MACDH=-5.415|BW=0.0005|Accel=0.7405|GradStab=2.1593|VOL=1|VPM=2.00
2025-11-21 14:52:00,1663,EXIT,LONG,24212.00,1,VALIDATION_FAILED:FastGrad<=-1.9447(need>0.18)|ATR=20.35|ADX=34.56|RSI=57.2|MACDH=-4.462|BW=0.0006|Accel=-3.8305|GradStab=2.9477|VOL=1|VPM=2.00
2025-11-21 14:53:00,1665,ENTRY,LONG,24242.75,1,EnterLong_Bar1|ATR=19.96|ADX=34.23|RSI=65.1|MACDH=-2.757|BW=0.0007|Accel=3.6383|GradStab=2.5580|VOL=1|VPM=2.00
2025-11-21 14:56:00,1671,EXIT,LONG,24236.00,1,VALIDATION_FAILED:FastGrad<=-0.5449(need>0.18)|ATR=19.05|ADX=33.63|RSI=58.2|MACDH=-3.366|BW=0.0005|Accel=-3.2173|GradStab=1.6711|VOL=1|VPM=2.00
2025-11-21 14:58:00,1675,ENTRY,SHORT,24225.75,1,EnterShort_Bar1|ATR=17.91|ADX=26.79|RSI=53.7|MACDH=-5.627|BW=0.0002|Accel=0.0617|GradStab=1.7310|VOL=1|VPM=2.00
2025-11-21 15:01:00,1681,EXIT,SHORT,24210.50,1,VALIDATION_FAILED:FastGrad>=0.0672(need<-0.18)|ATR=16.69|ADX=20.29|RSI=49.6|MACDH=-5.847|BW=0.0002|Accel=3.5760|GradStab=1.6184|VOL=1|VPM=2.00
2025-11-21 15:01:30,1682,ENTRY,LONG,24215.25,1,EnterLong_Bar1|ATR=16.11|ADX=19.50|RSI=51.5|MACDH=-4.276|BW=0.0001|Accel=0.6861|GradStab=1.8132|VOL=1|VPM=2.00
2025-11-21 15:02:30,1684,EXIT,LONG,24198.00,1,VALIDATION_FAILED:FastGrad<=-1.7959(need>0.18)|ATR=16.15|ADX=17.51|RSI=44.8|MACDH=-4.491|BW=0.0002|Accel=-1.2221|GradStab=1.8517|VOL=1|VPM=2.00
2025-11-21 15:03:00,1685,ENTRY,SHORT,24193.75,1,EnterShort_Bar1|ATR=16.34|ADX=17.31|RSI=43.2|MACDH=-4.528|BW=0.0002|Accel=-0.2892|GradStab=1.8320|VOL=1|VPM=2.00
2025-11-21 15:07:00,1693,EXIT,SHORT,24175.75,1,VALIDATION_FAILED:FastGrad>=0.3798(need<-0.18)|ATR=17.35|ADX=22.49|RSI=44.6|MACDH=-2.017|BW=0.0004|Accel=1.4863|GradStab=2.0224|VOL=1|VPM=2.00
2025-11-21 15:09:00,1697,ENTRY,SHORT,24163.00,1,EnterShort_Bar1|ATR=15.83|ADX=19.75|RSI=40.3|MACDH=-0.348|BW=0.0004|Accel=-2.1954|GradStab=2.5036|VOL=1|VPM=2.00
2025-11-21 15:10:00,1699,EXIT,SHORT,24189.75,1,VALIDATION_FAILED:FastGrad>=2.0296(need<-0.18)|ATR=16.10|ADX=16.87|RSI=51.4|MACDH=2.875|BW=0.0001|Accel=0.6904|GradStab=2.0936|VOL=1|VPM=2.00
2025-11-21 15:11:00,1701,ENTRY,SHORT,24175.00,1,EnterShort_Bar1|ATR=16.09|ADX=16.55|RSI=45.9|MACDH=1.667|BW=0.0002|Accel=-1.0777|GradStab=1.1501|VOL=1|VPM=2.00
2025-11-21 15:12:00,1703,EXIT,SHORT,24194.00,1,VALIDATION_FAILED:FastGrad>=2.2563(need<-0.18)|ATR=15.70|ADX=14.30|RSI=53.4|MACDH=3.408|BW=0.0000|Accel=1.9228|GradStab=1.1874|VOL=1|VPM=2.00
2025-11-21 15:12:30,1704,ENTRY,LONG,24200.50,1,EnterLong_Bar1|ATR=15.36|ADX=14.07|RSI=55.7|MACDH=4.232|BW=0.0001|Accel=0.5402|GradStab=1.3498|VOL=1|VPM=2.00
2025-11-21 15:23:30,1726,EXIT,LONG,24262.00,1,VALIDATION_FAILED:FastGrad<=-0.6489(need>0.18)|ATR=13.48|ADX=39.95|RSI=60.1|MACDH=-0.737|BW=0.0005|Accel=-1.0376|GradStab=1.7495|VOL=2|VPM=4.00
2025-11-21 15:24:30,1728,ENTRY,LONG,24268.75,1,EnterLong_Bar1|ATR=14.25|ADX=36.65|RSI=61.4|MACDH=-1.724|BW=0.0005|Accel=2.3028|GradStab=2.2013|VOL=1|VPM=2.00
2025-11-21 15:25:30,1730,EXIT,LONG,24237.00,1,VALIDATION_FAILED:FastGrad<=-3.8765(need>0.18)|ATR=14.55|ADX=31.61|RSI=46.5|MACDH=-5.628|BW=0.0002|Accel=-2.2598|GradStab=2.9047|VOL=1|VPM=2.00
2025-11-21 15:26:00,1731,ENTRY,SHORT,24226.25,1,EnterShort_Bar1|ATR=14.71|ADX=30.62|RSI=42.5|MACDH=-7.209|BW=0.0000|Accel=-0.9274|GradStab=3.2690|VOL=1|VPM=2.00
2025-11-21 15:31:30,1742,EXIT,SHORT,24227.50,1,VALIDATION_FAILED:FastGrad>=1.7358(need<-0.18)|ATR=15.96|ADX=25.69|RSI=50.1|MACDH=-1.621|BW=0.0003|Accel=2.5840|GradStab=2.1681|VOL=3|VPM=6.00
2025-11-21 15:32:00,1743,ENTRY,LONG,24229.25,1,EnterLong_Bar1|ATR=15.93|ADX=23.83|RSI=50.7|MACDH=-0.335|BW=0.0002|Accel=-0.0718|GradStab=2.1752|VOL=1|VPM=2.00
2025-11-21 15:33:00,1745,EXIT,LONG,24222.50,1,VALIDATION_FAILED:FastGrad<=0.1263(need>0.18)|ATR=15.25|ADX=21.12|RSI=47.9|MACDH=0.247|BW=0.0002|Accel=-1.1897|GradStab=2.2017|VOL=1|VPM=2.00
2025-11-21 15:33:30,1746,ENTRY,SHORT,24209.00,1,EnterShort_Bar1|ATR=15.12|ADX=21.25|RSI=42.7|MACDH=-0.920|BW=0.0002|Accel=-2.0230|GradStab=2.2172|VOL=1|VPM=2.00
2025-11-21 15:35:00,1749,EXIT,SHORT,24223.50,1,VALIDATION_FAILED:FastGrad>=0.9462(need<-0.18)|ATR=14.75|ADX=19.27|RSI=49.8|MACDH=0.764|BW=0.0001|Accel=1.2241|GradStab=1.7423|VOL=1|VPM=2.00
2025-11-21 15:36:00,1751,ENTRY,LONG,24241.75,1,EnterLong_Bar1|ATR=15.24|ADX=18.54|RSI=57.4|MACDH=3.091|BW=0.0000|Accel=2.8589|GradStab=1.5902|VOL=5|VPM=10.00
2025-11-21 15:40:30,1760,EXIT,LONG,24250.25,1,VALIDATION_FAILED:FastGrad<=0.1742(need>0.18)|ATR=14.42|ADX=22.39|RSI=55.2|MACDH=1.888|BW=0.0003|Accel=-1.4680|GradStab=1.3699|VOL=1|VPM=2.00
2025-11-21 15:41:00,1761,ENTRY,LONG,24251.50,1,EnterLong_Bar1|ATR=14.06|ADX=21.30|RSI=55.8|MACDH=1.322|BW=0.0003|Accel=0.1791|GradStab=1.4762|VOL=1|VPM=2.00
2025-11-21 15:45:30,1770,EXIT,LONG,24256.75,1,VALIDATION_FAILED:FastGrad<=-0.7570(need>0.18)|ATR=12.12|ADX=21.09|RSI=53.7|MACDH=-0.726|BW=0.0002|Accel=-0.9984|GradStab=0.8964|VOL=1|VPM=2.00
2025-11-21 15:46:00,1771,ENTRY,SHORT,24250.00,1,EnterShort_Bar1|ATR=11.90|ADX=20.09|RSI=49.3|MACDH=-1.831|BW=0.0001|Accel=-0.8830|GradStab=1.1807|VOL=1|VPM=2.00
2025-11-21 15:47:00,1773,EXIT,SHORT,24258.00,1,VALIDATION_FAILED:FastGrad>=-0.0025(need<-0.18)|ATR=11.71|ADX=17.98|RSI=54.3|MACDH=-1.587|BW=0.0001|Accel=0.9096|GradStab=1.2879|VOL=1|VPM=2.00
2025-11-21 15:47:30,1774,ENTRY,LONG,24262.75,1,EnterLong_Bar1|ATR=11.76|ADX=18.25|RSI=57.2|MACDH=-1.131|BW=0.0001|Accel=0.7566|GradStab=1.2799|VOL=1|VPM=2.00
2025-11-21 15:48:30,1776,EXIT,LONG,24259.50,1,VALIDATION_FAILED:FastGrad<=0.0657(need>0.18)|ATR=11.53|ADX=19.19|RSI=54.8|MACDH=-1.228|BW=0.0001|Accel=-0.4439|GradStab=0.9802|VOL=1|VPM=2.00
2025-11-21 15:49:00,1777,ENTRY,SHORT,24254.25,1,EnterShort_Bar1|ATR=11.51|ADX=17.51|RSI=50.6|MACDH=-1.769|BW=0.0001|Accel=-0.7681|GradStab=0.8019|VOL=1|VPM=2.00
2025-11-21 15:54:00,1787,EXIT,SHORT,24248.25,1,VALIDATION_FAILED:FastGrad>=1.0694(need<-0.18)|ATR=12.76|ADX=12.88|RSI=50.9|MACDH=-0.938|BW=0.0001|Accel=1.8634|GradStab=1.4473|VOL=1|VPM=2.00
2025-11-21 15:54:30,1788,ENTRY,LONG,24250.50,1,EnterLong_Bar1|ATR=12.41|ADX=13.05|RSI=52.1|MACDH=-0.093|BW=0.0001|Accel=0.1320|GradStab=1.4596|VOL=1|VPM=2.00
2025-11-21 15:56:00,1791,EXIT,LONG,24245.75,1,VALIDATION_FAILED:FastGrad<=-0.3175(need>0.18)|ATR=11.89|ADX=13.54|RSI=48.6|MACDH=0.414|BW=0.0000|Accel=-1.7123|GradStab=1.4633|VOL=1|VPM=2.00
2025-11-21 15:56:30,1792,ENTRY,SHORT,24243.50,1,EnterShort_Bar1|ATR=11.86|ADX=12.67|RSI=47.3|MACDH=0.029|BW=0.0000|Accel=-0.2522|GradStab=1.3947|VOL=1|VPM=2.00
2025-11-21 16:00:00,1799,EXIT,SHORT,24241.00,1,VALIDATION_FAILED:FastGrad>=0.4947(need<-0.18)|ATR=10.72|ADX=11.60|RSI=48.8|MACDH=-0.227|BW=0.0001|Accel=0.8699|GradStab=0.9589|VOL=1|VPM=2.00
2025-11-21 16:00:30,1800,ENTRY,LONG,24242.75,1,EnterLong_Bar1|ATR=10.71|ADX=10.82|RSI=50.0|MACDH=0.300|BW=0.0001|Accel=0.1621|GradStab=0.8185|VOL=1|VPM=2.00
2025-11-21 16:01:30,1802,EXIT,LONG,24237.25,1,VALIDATION_FAILED:FastGrad<=-0.3965(need>0.18)|ATR=11.44|ADX=12.00|RSI=45.9|MACDH=0.192|BW=0.0001|Accel=-0.9876|GradStab=0.9045|VOL=1|VPM=2.00
2025-11-21 16:02:00,1803,ENTRY,SHORT,24218.50,1,EnterShort_Bar1|ATR=12.19|ADX=15.13|RSI=35.5|MACDH=-1.711|BW=0.0002|Accel=-2.7172|GradStab=1.1812|VOL=1|VPM=2.00
2025-11-21 16:03:00,1805,EXIT,SHORT,24238.75,1,VALIDATION_FAILED:FastGrad>=0.7890(need<-0.18)|ATR=12.88|ADX=13.84|RSI=49.6|MACDH=0.023|BW=0.0001|Accel=2.3903|GradStab=1.2831|VOL=1|VPM=2.00
2025-11-21 16:03:30,1806,ENTRY,LONG,24244.25,1,EnterLong_Bar1|ATR=12.80|ADX=13.27|RSI=52.7|MACDH=0.954|BW=0.0001|Accel=0.6912|GradStab=1.3981|VOL=1|VPM=2.00
2025-11-21 16:04:30,1808,EXIT,LONG,24233.00,1,VALIDATION_FAILED:FastGrad<=-0.2506(need>0.18)|ATR=12.76|ADX=13.28|RSI=46.8|MACDH=0.081|BW=0.0001|Accel=0.6870|GradStab=1.2913|VOL=1|VPM=2.00
2025-11-21 16:05:00,1809,ENTRY,SHORT,24224.25,1,EnterShort_Bar1|ATR=12.59|ADX=13.94|RSI=42.4|MACDH=-0.707|BW=0.0002|Accel=-1.2644|GradStab=1.3191|VOL=1|VPM=2.00
2025-11-21 16:07:00,1813,EXIT,SHORT,24224.75,1,VALIDATION_FAILED:FastGrad>=0.0745(need<-0.18)|ATR=12.36|ADX=16.38|RSI=45.6|MACDH=-0.704|BW=0.0002|Accel=2.0036|GradStab=1.2845|VOL=1|VPM=2.00
2025-11-21 16:08:30,1816,ENTRY,SHORT,24219.75,1,EnterShort_Bar1|ATR=11.81|ADX=15.93|RSI=43.4|MACDH=-0.144|BW=0.0002|Accel=-1.2134|GradStab=0.9954|VOL=1|VPM=2.00
2025-11-21 16:09:30,1818,EXIT,SHORT,24240.75,1,VALIDATION_FAILED:FastGrad>=2.3672(need<-0.18)|ATR=11.96|ADX=13.58|RSI=55.5|MACDH=2.393|BW=0.0000|Accel=1.3376|GradStab=1.5004|VOL=1|VPM=2.00
2025-11-21 16:10:00,1819,ENTRY,LONG,24255.50,1,EnterLong_Bar1|ATR=12.43|ADX=15.86|RSI=61.9|MACDH=4.208|BW=0.0001|Accel=1.7638|GradStab=1.9995|VOL=1|VPM=2.00
2025-11-21 16:14:30,1828,EXIT,LONG,24241.75,1,VALIDATION_FAILED:FastGrad<=-1.4141(need>0.18)|ATR=12.01|ADX=18.91|RSI=49.4|MACDH=0.444|BW=0.0002|Accel=-2.7514|GradStab=1.5405|VOL=1|VPM=2.00
2025-11-21 16:15:30,1830,ENTRY,SHORT,24244.00,1,EnterShort_Bar1|ATR=11.59|ADX=16.98|RSI=50.5|MACDH=-0.389|BW=0.0001|Accel=-0.2709|GradStab=1.3882|VOL=1|VPM=2.00
2025-11-21 16:24:30,1848,EXIT,SHORT,24204.25,1,VALIDATION_FAILED:FastGrad>=0.1458(need<-0.18)|ATR=9.98|ADX=29.69|RSI=41.5|MACDH=-0.465|BW=0.0003|Accel=2.3565|GradStab=0.8152|VOL=1|VPM=2.00
2025-11-21 16:31:00,1861,ENTRY,LONG,24248.50,1,EnterLong_Bar1|ATR=15.41|ADX=24.42|RSI=68.9|MACDH=5.911|BW=0.0002|Accel=6.7408|GradStab=2.3968|VOL=2|VPM=4.00
2025-11-21 16:32:30,1864,EXIT,LONG,24201.50,1,VALIDATION_FAILED:FastGrad<=-2.5680(need>0.18)|ATR=20.37|ADX=22.71|RSI=45.0|MACDH=1.626|BW=0.0000|Accel=-4.0001|GradStab=3.0454|VOL=1|VPM=2.00
2025-11-21 16:33:00,1865,ENTRY,LONG,24257.25,1,EnterLong_Bar1|ATR=24.50|ADX=24.42|RSI=62.2|MACDH=6.182|BW=0.0003|Accel=8.7686|GradStab=3.4369|VOL=1|VPM=2.00
2025-11-21 16:34:00,1867,EXIT,LONG,24188.00,1,VALIDATION_FAILED:FastGrad<=-5.7887(need>0.18)|ATR=29.26|ADX=21.36|RSI=43.2|MACDH=-0.889|BW=0.0000|Accel=-9.1884|GradStab=3.9122|VOL=1|VPM=2.00
2025-11-21 16:34:30,1868,ENTRY,SHORT,24201.75,1,EnterShort_Bar1|ATR=30.33|ADX=20.93|RSI=46.7|MACDH=-0.931|BW=0.0000|Accel=3.0401|GradStab=4.0279|VOL=1|VPM=2.00
2025-11-21 16:35:30,1870,EXIT,SHORT,24229.25,1,VALIDATION_FAILED:FastGrad>=0.8204(need<-0.18)|ATR=32.01|ADX=20.48|RSI=52.0|MACDH=1.826|BW=0.0002|Accel=-4.7076|GradStab=4.1873|VOL=1|VPM=2.00
2025-11-21 16:36:00,1871,ENTRY,SHORT,24200.25,1,EnterShort_Bar1|ATR=32.78|ADX=18.04|RSI=46.6|MACDH=-1.381|BW=0.0000|Accel=-4.4797|GradStab=4.1037|VOL=1|VPM=2.00
2025-11-21 16:37:30,1874,EXIT,SHORT,24252.75,1,VALIDATION_FAILED:FastGrad>=5.1957(need<-0.18)|ATR=32.84|ADX=16.69|RSI=56.5|MACDH=2.866|BW=0.0002|Accel=5.6787|GradStab=4.0321|VOL=1|VPM=2.00
2025-11-21 16:38:00,1875,ENTRY,LONG,24242.50,1,EnterLong_Bar1|ATR=32.49|ADX=16.89|RSI=54.3|MACDH=2.524|BW=0.0002|Accel=-2.4695|GradStab=3.6725|VOL=1|VPM=2.00
2025-11-21 16:39:00,1877,EXIT,LONG,24207.00,1,VALIDATION_FAILED:FastGrad<=-3.2554(need>0.18)|ATR=33.90|ADX=15.20|RSI=47.1|MACDH=-1.291|BW=0.0000|Accel=-4.5645|GradStab=3.1910|VOL=1|VPM=2.00
2025-11-21 16:39:30,1878,ENTRY,SHORT,24178.50,1,EnterShort_Bar1|ATR=33.62|ADX=14.85|RSI=42.2|MACDH=-4.913|BW=0.0002|Accel=-3.6560|GradStab=3.7841|VOL=1|VPM=2.00
2025-11-21 16:41:30,1882,EXIT,SHORT,24226.25,1,VALIDATION_FAILED:FastGrad>=3.3248(need<-0.18)|ATR=33.57|ADX=13.13|RSI=52.4|MACDH=-0.494|BW=0.0001|Accel=5.0642|GradStab=3.7422|VOL=1|VPM=2.00
2025-11-21 16:42:00,1883,ENTRY,LONG,24243.25,1,EnterLong_Bar1|ATR=32.90|ADX=12.92|RSI=55.3|MACDH=2.378|BW=0.0001|Accel=1.9161|GradStab=4.1607|VOL=1|VPM=2.00
2025-11-21 16:43:00,1885,EXIT,LONG,24214.25,1,VALIDATION_FAILED:FastGrad<=-0.9762(need>0.18)|ATR=33.29|ADX=11.28|RSI=49.4|MACDH=1.022|BW=0.0000|Accel=-6.2932|GradStab=4.0624|VOL=1|VPM=2.00
2025-11-21 16:43:30,1886,ENTRY,SHORT,24206.00,1,EnterShort_Bar1|ATR=32.92|ADX=12.03|RSI=47.9|MACDH=-0.336|BW=0.0000|Accel=-1.0333|GradStab=4.0298|VOL=1|VPM=2.00
2025-11-21 16:45:00,1889,EXIT,SHORT,24208.25,1,VALIDATION_FAILED:FastGrad>=-0.1501(need<-0.18)|ATR=31.30|ADX=11.70|RSI=48.9|MACDH=-1.198|BW=0.0001|Accel=2.1394|GradStab=3.5532|VOL=1|VPM=2.00
2025-11-21 16:45:30,1890,ENTRY,SHORT,24180.75,1,EnterShort_Bar1|ATR=31.60|ADX=12.10|RSI=43.6|MACDH=-3.376|BW=0.0003|Accel=-4.2950|GradStab=3.3985|VOL=1|VPM=2.00
2025-11-21 16:49:00,1897,EXIT,SHORT,24187.25,1,VALIDATION_FAILED:FastGrad>=3.7313(need<-0.18)|ATR=35.67|ADX=14.91|RSI=50.0|MACDH=-0.336|BW=0.0005|Accel=7.0547|GradStab=4.0426|VOL=1|VPM=2.00
2025-11-21 16:49:30,1898,ENTRY,LONG,24220.25,1,EnterLong_Bar1|ATR=36.06|ADX=14.81|RSI=55.2|MACDH=4.772|BW=0.0002|Accel=4.2555|GradStab=5.3771|VOL=1|VPM=2.00
2025-11-21 16:57:00,1913,EXIT,LONG,24198.25,1,VALIDATION_FAILED:FastGrad<=-6.8781(need>0.18)|ATR=33.91|ADX=15.45|RSI=46.5|MACDH=-0.478|BW=0.0004|Accel=-9.7897|GradStab=4.3064|VOL=1|VPM=2.00
2025-11-21 16:57:30,1914,ENTRY,SHORT,24184.50,1,EnterShort_Bar1|ATR=33.60|ADX=16.09|RSI=44.3|MACDH=-4.210|BW=0.0001|Accel=-0.8445|GradStab=5.5549|VOL=1|VPM=2.00
2025-11-21 17:01:00,1921,EXIT,SHORT,24223.50,1,VALIDATION_FAILED:FastGrad>=3.0404(need<-0.18)|ATR=31.84|ADX=13.46|RSI=52.9|MACDH=-1.576|BW=0.0000|Accel=8.0213|GradStab=3.6087|VOL=1|VPM=2.00
2025-11-21 17:01:30,1922,ENTRY,SHORT,24157.75,1,EnterShort_Bar1|ATR=34.23|ADX=13.93|RSI=42.1|MACDH=-7.049|BW=0.0004|Accel=-10.3173|GradStab=3.2571|VOL=1|VPM=2.00
2025-11-21 17:05:30,1930,EXIT,SHORT,24141.75,1,VALIDATION_FAILED:FastGrad>=1.0714(need<-0.18)|ATR=33.19|ADX=19.54|RSI=45.3|MACDH=-2.928|BW=0.0008|Accel=5.4892|GradStab=4.3938|VOL=1|VPM=2.00
2025-11-21 17:06:00,1931,ENTRY,LONG,24186.00,1,EnterLong_Bar1|ATR=34.02|ADX=17.83|RSI=53.1|MACDH=3.503|BW=0.0004|Accel=6.3713|GradStab=5.3422|VOL=1|VPM=2.00
2025-11-21 17:08:30,1936,EXIT,LONG,24167.50,1,VALIDATION_FAILED:FastGrad<=-1.3086(need>0.18)|ATR=34.73|ADX=15.22|RSI=48.4|MACDH=5.790|BW=0.0000|Accel=-5.8759|GradStab=5.3963|VOL=1|VPM=2.00
2025-11-21 17:09:00,1937,ENTRY,SHORT,24127.75,1,EnterShort_Bar1|ATR=35.83|ADX=16.20|RSI=42.0|MACDH=0.486|BW=0.0002|Accel=-5.6588|GradStab=5.1802|VOL=1|VPM=2.00
2025-11-21 17:16:00,1951,EXIT,SHORT,24135.25,1,VALIDATION_FAILED:FastGrad>=3.1256(need<-0.18)|ATR=33.61|ADX=19.93|RSI=49.4|MACDH=1.898|BW=0.0004|Accel=5.1943|GradStab=2.1594|VOL=1|VPM=2.00
2025-11-21 17:16:30,1952,ENTRY,SHORT,24100.75,1,EnterShort_Bar1|ATR=33.95|ADX=19.43|RSI=42.2|MACDH=-0.311|BW=0.0005|Accel=-5.7171|GradStab=2.1150|VOL=1|VPM=2.00
2025-11-21 17:19:30,1958,EXIT,SHORT,24116.50,1,VALIDATION_FAILED:FastGrad>=4.0631(need<-0.18)|ATR=33.03|ADX=17.88|RSI=49.9|MACDH=2.396|BW=0.0004|Accel=7.4203|GradStab=3.4106|VOL=1|VPM=2.00
2025-11-21 17:20:00,1959,ENTRY,LONG,24123.00,1,EnterLong_Bar1|ATR=32.86|ADX=17.93|RSI=51.3|MACDH=4.591|BW=0.0003|Accel=0.2034|GradStab=3.8670|VOL=1|VPM=2.00
2025-11-21 17:21:00,1961,EXIT,LONG,24070.50,1,VALIDATION_FAILED:FastGrad<=-5.2002(need>0.18)|ATR=34.27|ADX=17.13|RSI=41.3|MACDH=0.963|BW=0.0004|Accel=-9.8191|GradStab=4.2281|VOL=1|VPM=2.00
2025-11-21 17:21:30,1962,ENTRY,SHORT,24087.50,1,EnterShort_Bar1|ATR=34.18|ADX=17.24|RSI=44.9|MACDH=1.757|BW=0.0004|Accel=3.4662|GradStab=4.2166|VOL=1|VPM=2.00
2025-11-21 17:23:00,1965,EXIT,SHORT,24089.00,1,VALIDATION_FAILED:FastGrad>=1.2241(need<-0.18)|ATR=36.04|ADX=17.31|RSI=47.5|MACDH=0.839|BW=0.0004|Accel=8.0563|GradStab=4.5014|VOL=1|VPM=2.00
2025-11-21 17:23:30,1966,ENTRY,LONG,24118.00,1,EnterLong_Bar1|ATR=37.38|ADX=15.57|RSI=52.4|MACDH=4.683|BW=0.0002|Accel=4.1245|GradStab=4.6248|VOL=1|VPM=2.00
2025-11-21 17:27:00,1973,EXIT,LONG,24115.75,1,VALIDATION_FAILED:FastGrad<=-3.2546(need>0.18)|ATR=38.83|ADX=13.49|RSI=49.0|MACDH=5.095|BW=0.0003|Accel=-8.4333|GradStab=5.0324|VOL=1|VPM=2.00
2025-11-21 17:27:30,1974,ENTRY,SHORT,24122.00,1,EnterShort_Bar1|ATR=38.10|ADX=12.92|RSI=50.0|MACDH=3.551|BW=0.0003|Accel=1.5050|GradStab=4.1267|VOL=1|VPM=2.00
2025-11-21 17:33:00,1985,EXIT,SHORT,24077.75,1,VALIDATION_FAILED:FastGrad>=1.6514(need<-0.18)|ATR=33.22|ADX=13.58|RSI=47.5|MACDH=-0.628|BW=0.0005|Accel=2.3350|GradStab=3.4193|VOL=1|VPM=2.00
2025-11-21 17:42:00,2003,ENTRY,LONG,23996.75,1,EnterLong_Bar1|ATR=31.28|ADX=23.84|RSI=47.9|MACDH=5.689|BW=0.0007|Accel=7.9704|GradStab=3.7491|VOL=1|VPM=2.00
2025-11-21 17:43:00,2005,EXIT,LONG,23963.25,1,VALIDATION_FAILED:FastGrad<=-0.8970(need>0.18)|ATR=31.20|ADX=22.67|RSI=40.8|MACDH=4.358|BW=0.0007|Accel=-0.7249|GradStab=2.8484|VOL=1|VPM=2.00
2025-11-21 17:43:30,2006,ENTRY,LONG,23993.00,1,EnterLong_Bar1|ATR=31.29|ADX=21.87|RSI=48.6|MACDH=7.531|BW=0.0005|Accel=4.6052|GradStab=3.0503|VOL=1|VPM=2.00
2025-11-21 17:52:00,2023,EXIT,LONG,24056.00,1,VALIDATION_FAILED:FastGrad<=-2.0130(need>0.18)|ATR=32.00|ADX=21.75|RSI=52.4|MACDH=1.216|BW=0.0006|Accel=-6.3506|GradStab=2.9299|VOL=1|VPM=2.00
2025-11-21 17:53:00,2025,ENTRY,SHORT,24040.25,1,EnterShort_Bar1|ATR=31.77|ADX=17.71|RSI=49.1|MACDH=-3.217|BW=0.0003|Accel=-1.3444|GradStab=3.5384|VOL=1|VPM=2.00
2025-11-21 17:54:30,2028,EXIT,SHORT,24046.75,1,VALIDATION_FAILED:GradientsNotNegative(F:-0.2001,S:0.1575)|ATR=31.35|ADX=14.53|RSI=51.1|MACDH=-4.561|BW=0.0001|Accel=4.9435|GradStab=3.6855|VOL=1|VPM=2.00
2025-11-21 17:55:00,2029,ENTRY,LONG,24074.25,1,EnterLong_Bar1|ATR=31.70|ADX=15.68|RSI=56.5|MACDH=-1.260|BW=0.0003|Accel=4.1025|GradStab=3.6295|VOL=1|VPM=2.00
2025-11-21 17:58:00,2035,EXIT,LONG,24071.25,1,VALIDATION_FAILED:FastGrad<=-0.3004(need>0.18)|ATR=31.36|ADX=14.52|RSI=53.2|MACDH=-0.392|BW=0.0003|Accel=-2.7868|GradStab=3.5244|VOL=1|VPM=2.00
2025-11-21 17:58:30,2036,ENTRY,SHORT,24030.50,1,EnterShort_Bar1|ATR=32.23|ADX=15.84|RSI=44.3|MACDH=-5.069|BW=0.0001|Accel=-5.9991|GradStab=3.8211|VOL=1|VPM=2.00
2025-11-21 18:08:00,2055,EXIT,SHORT,23992.75,1,VALIDATION_FAILED:FastGrad>=1.2990(need<-0.18)|ATR=29.08|ADX=26.40|RSI=45.7|MACDH=-0.384|BW=0.0006|Accel=2.3123|GradStab=2.8156|VOL=1|VPM=2.00
2025-11-21 18:08:30,2056,ENTRY,LONG,24008.25,1,EnterLong_Bar1|ATR=28.98|ADX=24.63|RSI=49.7|MACDH=2.484|BW=0.0004|Accel=2.0779|GradStab=3.4996|VOL=1|VPM=2.00
2025-11-21 18:17:00,2073,EXIT,LONG,24053.25,1,VALIDATION_FAILED:FastGrad<=-0.6164(need>0.18)|ATR=26.11|ADX=18.84|RSI=54.1|MACDH=0.885|BW=0.0004|Accel=-2.3075|GradStab=1.9075|VOL=1|VPM=2.00
2025-11-21 18:17:30,2074,ENTRY,LONG,24080.25,1,EnterLong_Bar1|ATR=26.24|ADX=19.16|RSI=61.4|MACDH=2.711|BW=0.0005|Accel=4.1203|GradStab=1.9308|VOL=1|VPM=2.00
2025-11-21 18:18:30,2076,EXIT,LONG,24059.75,1,VALIDATION_FAILED:FastGrad<=-0.5928(need>0.18)|ATR=25.95|ADX=17.05|RSI=53.9|MACDH=0.023|BW=0.0004|Accel=-3.0299|GradStab=2.1310|VOL=1|VPM=2.00
2025-11-21 18:19:00,2077,ENTRY,SHORT,24021.25,1,EnterShort_Bar1|ATR=27.48|ADX=18.33|RSI=43.2|MACDH=-4.546|BW=0.0001|Accel=-5.6608|GradStab=2.7841|VOL=2|VPM=4.00
2025-11-21 18:21:00,2081,EXIT,SHORT,24037.25,1,VALIDATION_FAILED:FastGrad>=0.8533(need<-0.18)|ATR=27.98|ADX=17.53|RSI=50.0|MACDH=-4.824|BW=0.0002|Accel=6.3912|GradStab=4.0729|VOL=1|VPM=2.00
2025-11-21 18:21:30,2082,ENTRY,LONG,24064.75,1,EnterLong_Bar1|ATR=29.32|ADX=17.94|RSI=56.2|MACDH=-0.842|BW=0.0000|Accel=3.9440|GradStab=4.4377|VOL=1|VPM=2.00
2025-11-21 18:32:30,2104,EXIT,LONG,24156.00,1,VALIDATION_FAILED:FastGrad<=-0.8160(need>0.18)|ATR=23.15|ADX=30.08|RSI=59.1|MACDH=-0.346|BW=0.0008|Accel=-4.1470|GradStab=2.5315|VOL=1|VPM=2.00
2025-11-21 18:33:00,2105,ENTRY,LONG,24168.75,1,EnterLong_Bar1|ATR=23.85|ADX=28.35|RSI=62.0|MACDH=-0.584|BW=0.0008|Accel=2.0616|GradStab=2.6463|VOL=1|VPM=2.00
2025-11-21 18:34:00,2107,EXIT,LONG,24161.00,1,VALIDATION_FAILED:FastGrad<=-0.1959(need>0.18)|ATR=22.93|ADX=25.64|RSI=59.2|MACDH=-3.002|BW=0.0006|Accel=-0.6282|GradStab=2.9905|VOL=1|VPM=2.00
2025-11-21 18:34:30,2108,ENTRY,LONG,24185.75,1,EnterLong_Bar1|ATR=23.30|ADX=25.69|RSI=64.9|MACDH=-1.149|BW=0.0007|Accel=3.7092|GradStab=2.9900|VOL=1|VPM=2.00
2025-11-21 18:35:30,2110,EXIT,LONG,24166.25,1,VALIDATION_FAILED:FastGrad<=-0.8111(need>0.18)|ATR=24.21|ADX=24.06|RSI=56.6|MACDH=-3.135|BW=0.0006|Accel=-5.1733|GradStab=2.9680|VOL=1|VPM=2.00
2025-11-21 18:36:00,2111,ENTRY,LONG,24177.75,1,EnterLong_Bar1|ATR=23.96|ADX=23.24|RSI=59.2|MACDH=-2.744|BW=0.0006|Accel=1.8830|GradStab=2.2515|VOL=1|VPM=2.00
2025-11-21 18:40:30,2120,EXIT,LONG,24205.25,1,VALIDATION_FAILED:FastGrad<=0.1110(need>0.18)|ATR=22.09|ADX=23.80|RSI=59.7|MACDH=-2.535|BW=0.0006|Accel=-0.4994|GradStab=1.8917|VOL=1|VPM=2.00
2025-11-21 18:41:00,2121,ENTRY,LONG,24211.75,1,EnterLong_Bar1|ATR=21.89|ADX=23.98|RSI=61.4|MACDH=-2.452|BW=0.0006|Accel=0.9385|GradStab=1.8937|VOL=1|VPM=2.00
2025-11-21 18:44:30,2128,EXIT,LONG,24217.00,1,VALIDATION_FAILED:FastGrad<=0.1412(need>0.18)|ATR=20.26|ADX=23.50|RSI=59.4|MACDH=-3.252|BW=0.0004|Accel=-0.2940|GradStab=0.8121|VOL=1|VPM=2.00
2025-11-21 18:45:00,2129,ENTRY,LONG,24223.25,1,EnterLong_Bar1|ATR=20.01|ADX=23.41|RSI=61.6|MACDH=-2.825|BW=0.0004|Accel=0.9289|GradStab=0.8018|VOL=1|VPM=2.00
2025-11-21 18:46:00,2131,EXIT,LONG,24195.50,1,VALIDATION_FAILED:FastGrad<=-3.3043(need>0.18)|ATR=20.47|ADX=21.61|RSI=48.5|MACDH=-5.671|BW=0.0002|Accel=-3.9980|GradStab=1.5219|VOL=1|VPM=2.00
2025-11-21 18:46:30,2132,ENTRY,SHORT,24193.00,1,EnterShort_Bar1|ATR=20.35|ADX=21.01|RSI=47.5|MACDH=-6.366|BW=0.0001|Accel=0.2371|GradStab=1.8658|VOL=1|VPM=2.00
2025-11-21 18:47:30,2134,EXIT,SHORT,24209.50,1,VALIDATION_FAILED:GradientsNotNegative(F:-0.3673,S:0.1941)|ATR=20.98|ADX=19.10|RSI=53.2|MACDH=-4.187|BW=0.0001|Accel=-1.9487|GradStab=1.6942|VOL=1|VPM=2.00
2025-11-21 18:48:30,2136,ENTRY,LONG,24220.25,1,EnterLong_Bar1|ATR=20.94|ADX=15.97|RSI=57.1|MACDH=-2.649|BW=0.0002|Accel=1.5595|GradStab=1.6239|VOL=1|VPM=2.00
2025-11-21 19:02:30,2164,EXIT,LONG,24335.75,1,VALIDATION_FAILED:FastGrad<=-0.8858(need>0.18)|ATR=20.39|ADX=42.35|RSI=62.8|MACDH=-2.338|BW=0.0008|Accel=-2.2375|GradStab=3.0440|VOL=2|VPM=4.00
2025-11-21 19:04:30,2168,ENTRY,LONG,24342.00,1,EnterLong_Bar1|ATR=20.14|ADX=34.93|RSI=63.1|MACDH=-4.823|BW=0.0005|Accel=1.9436|GradStab=3.3610|VOL=1|VPM=2.00
2025-11-21 19:06:00,2171,EXIT,LONG,24337.25,1,VALIDATION_FAILED:FastGrad<=-0.5680(need>0.18)|ATR=20.16|ADX=32.67|RSI=57.6|MACDH=-4.573|BW=0.0004|Accel=-3.6415|GradStab=1.6504|VOL=1|VPM=2.00
2025-11-21 19:06:30,2172,ENTRY,LONG,24346.50,1,EnterLong_Bar1|ATR=19.68|ADX=31.25|RSI=60.6|MACDH=-3.832|BW=0.0004|Accel=1.4628|GradStab=1.5424|VOL=2|VPM=4.00
2025-11-21 19:13:00,2185,EXIT,LONG,24353.25,1,VALIDATION_FAILED:FastGrad<=-1.8171(need>0.18)|ATR=18.12|ADX=34.27|RSI=53.1|MACDH=-2.897|BW=0.0003|Accel=-3.7780|GradStab=1.4680|VOL=1|VPM=2.00
2025-11-21 19:14:00,2187,ENTRY,SHORT,24346.25,1,EnterShort_Bar1|ATR=18.34|ADX=30.99|RSI=49.5|MACDH=-4.418|BW=0.0002|Accel=-2.5103|GradStab=1.9675|VOL=1|VPM=2.00
2025-11-21 19:15:30,2190,EXIT,SHORT,24359.25,1,VALIDATION_FAILED:FastGrad>=0.2471(need<-0.18)|ATR=17.33|ADX=29.22|RSI=54.8|MACDH=-3.312|BW=0.0001|Accel=1.0461|GradStab=1.7168|VOL=1|VPM=2.00
2025-11-21 19:16:00,2191,ENTRY,SHORT,24351.50,1,EnterShort_Bar1|ATR=17.40|ADX=29.45|RSI=51.1|MACDH=-3.816|BW=0.0001|Accel=-1.1730|GradStab=1.4428|VOL=1|VPM=2.00
2025-11-21 19:18:00,2195,EXIT,SHORT,24351.75,1,VALIDATION_FAILED:FastGrad>=-0.0368(need<-0.18)|ATR=17.34|ADX=23.39|RSI=51.5|MACDH=-3.147|BW=0.0000|Accel=1.4728|GradStab=0.8475|VOL=1|VPM=2.00
2025-11-21 19:18:30,2196,ENTRY,SHORT,24348.50,1,EnterShort_Bar1|ATR=17.24|ADX=21.20|RSI=49.8|MACDH=-3.061|BW=0.0000|Accel=-0.4685|GradStab=0.8043|VOL=1|VPM=2.00
2025-11-21 19:19:30,2198,EXIT,SHORT,24356.75,1,VALIDATION_FAILED:FastGrad>=0.6711(need<-0.18)|ATR=16.77|ADX=21.33|RSI=53.9|MACDH=-1.485|BW=0.0000|Accel=-0.2047|GradStab=0.8563|VOL=1|VPM=2.00
2025-11-21 19:20:00,2199,ENTRY,SHORT,24330.50,1,EnterShort_Bar1|ATR=18.01|ADX=21.50|RSI=41.6|MACDH=-3.831|BW=0.0001|Accel=-4.0022|GradStab=1.2250|VOL=1|VPM=2.00
2025-11-21 19:23:00,2205,EXIT,SHORT,24346.00,1,VALIDATION_FAILED:FastGrad>=1.8210(need<-0.18)|ATR=17.83|ADX=19.62|RSI=52.1|MACDH=-0.852|BW=0.0001|Accel=2.4186|GradStab=1.9429|VOL=1|VPM=2.00
2025-11-21 19:23:30,2206,ENTRY,LONG,24345.50,1,EnterLong_Bar1|ATR=17.29|ADX=18.21|RSI=51.9|MACDH=-0.039|BW=0.0001|Accel=-0.4303|GradStab=2.0891|VOL=1|VPM=2.00
2025-11-21 19:28:00,2215,EXIT,LONG,24344.25,1,VALIDATION_FAILED:FastGrad<=-4.2029(need>0.18)|ATR=17.80|ADX=17.96|RSI=44.5|MACDH=-0.736|BW=0.0002|Accel=-5.9398|GradStab=2.5044|VOL=3|VPM=6.00
2025-11-21 19:28:30,2216,ENTRY,SHORT,24357.75,1,EnterShort_Bar1|ATR=17.66|ADX=18.21|RSI=50.0|MACDH=-0.755|BW=0.0002|Accel=2.8055|GradStab=2.7582|VOL=1|VPM=2.00
2025-11-21 19:30:30,2220,EXIT,SHORT,24357.25,1,VALIDATION_FAILED:FastGrad>=0.2521(need<-0.18)|ATR=17.13|ADX=17.28|RSI=50.9|MACDH=-1.930|BW=0.0000|Accel=1.0753|GradStab=2.9826|VOL=1|VPM=2.00
2025-11-21 19:39:00,2237,ENTRY,SHORT,24370.25,1,EnterShort_Bar1|ATR=15.97|ADX=21.91|RSI=45.9|MACDH=-2.651|BW=0.0001|Accel=-2.2699|GradStab=1.6338|VOL=1|VPM=2.00
2025-11-21 19:43:30,2246,EXIT,SHORT,24374.75,1,VALIDATION_FAILED:FastGrad>=0.7673(need<-0.18)|ATR=16.17|ADX=14.73|RSI=50.9|MACDH=-1.788|BW=0.0001|Accel=2.1275|GradStab=1.2861|VOL=1|VPM=2.00
2025-11-21 19:44:00,2247,ENTRY,LONG,24386.75,1,EnterLong_Bar1|ATR=16.07|ADX=15.13|RSI=56.2|MACDH=0.005|BW=0.0000|Accel=1.6539|GradStab=1.6861|VOL=1|VPM=2.00
2025-11-21 19:47:00,2253,EXIT,LONG,24366.00,1,VALIDATION_FAILED:FastGrad<=-2.9127(need>0.18)|ATR=16.11|ADX=13.48|RSI=43.9|MACDH=-0.980|BW=0.0000|Accel=-4.6507|GradStab=1.7453|VOL=1|VPM=2.00
2025-11-21 19:47:30,2254,ENTRY,SHORT,24370.75,1,EnterShort_Bar1|ATR=16.02|ADX=13.95|RSI=46.4|MACDH=-1.219|BW=0.0000|Accel=1.2279|GradStab=1.8525|VOL=1|VPM=2.00
2025-11-21 19:48:30,2256,EXIT,SHORT,24378.25,1,VALIDATION_FAILED:FastGrad>=-0.0219(need<-0.18)|ATR=16.20|ADX=11.76|RSI=50.4|MACDH=-0.884|BW=0.0000|Accel=1.5756|GradStab=1.8917|VOL=1|VPM=2.00
2025-11-21 19:49:00,2257,ENTRY,LONG,24386.00,1,EnterLong_Bar1|ATR=16.88|ADX=12.47|RSI=54.1|MACDH=0.020|BW=0.0000|Accel=1.1486|GradStab=1.8057|VOL=1|VPM=2.00
2025-11-21 19:51:00,2261,EXIT,LONG,24366.00,1,VALIDATION_FAILED:FastGrad<=-3.2233(need>0.18)|ATR=17.32|ADX=12.85|RSI=43.5|MACDH=-1.500|BW=0.0000|Accel=-3.9049|GradStab=2.1041|VOL=1|VPM=2.00
2025-11-21 19:51:30,2262,ENTRY,SHORT,24359.50,1,EnterShort_Bar1|ATR=17.19|ADX=13.05|RSI=41.2|MACDH=-2.816|BW=0.0001|Accel=-0.4057|GradStab=2.2615|VOL=1|VPM=2.00
2025-11-21 19:55:30,2270,EXIT,SHORT,24365.00,1,VALIDATION_FAILED:FastGrad>=1.0635(need<-0.18)|ATR=16.47|ADX=13.25|RSI=48.5|MACDH=-0.862|BW=0.0002|Accel=2.6576|GradStab=1.3862|VOL=1|VPM=2.00
2025-11-21 19:56:00,2271,ENTRY,LONG,24373.50,1,EnterLong_Bar1|ATR=16.09|ADX=11.76|RSI=52.8|MACDH=0.751|BW=0.0001|Accel=1.0711|GradStab=1.9000|VOL=1|VPM=2.00
2025-11-21 19:57:00,2273,EXIT,LONG,24355.50,1,VALIDATION_FAILED:FastGrad<=-1.3952(need>0.18)|ATR=16.94|ADX=11.46|RSI=44.1|MACDH=0.115|BW=0.0001|Accel=-3.9930|GradStab=2.1391|VOL=1|VPM=2.00
2025-11-21 19:57:30,2274,ENTRY,SHORT,24356.50,1,EnterShort_Bar1|ATR=16.76|ADX=11.23|RSI=44.6|MACDH=-0.002|BW=0.0001|Accel=0.4190|GradStab=2.0709|VOL=1|VPM=2.00
2025-11-21 20:00:30,2280,EXIT,SHORT,24350.75,1,VALIDATION_FAILED:FastGrad>=0.0753(need<-0.18)|ATR=15.89|ADX=11.79|RSI=45.3|MACDH=-0.305|BW=0.0002|Accel=0.8065|GradStab=1.7337|VOL=1|VPM=2.00
2025-11-21 20:03:00,2285,ENTRY,SHORT,24342.25,1,EnterShort_Bar1|ATR=15.44|ADX=9.96|RSI=43.3|MACDH=0.153|BW=0.0002|Accel=-1.4637|GradStab=0.9884|VOL=1|VPM=2.00
2025-11-21 20:14:00,2307,EXIT,SHORT,24260.75,1,VALIDATION_FAILED:FastGrad>=1.0752(need<-0.18)|ATR=18.14|ADX=33.51|RSI=42.9|MACDH=2.851|BW=0.0005|Accel=2.1247|GradStab=1.9050|VOL=1|VPM=2.00
2025-11-21 20:14:30,2308,ENTRY,SHORT,24248.50,1,EnterShort_Bar1|ATR=17.94|ADX=33.00|RSI=39.5|MACDH=2.375|BW=0.0006|Accel=-2.0013|GradStab=1.8160|VOL=1|VPM=2.00
2025-11-21 20:20:00,2319,EXIT,SHORT,24239.50,1,VALIDATION_FAILED:FastGrad>=2.2722(need<-0.18)|ATR=17.28|ADX=32.58|RSI=46.7|MACDH=3.706|BW=0.0004|Accel=4.1163|GradStab=1.6581|VOL=1|VPM=2.00
2025-11-21 20:21:30,2322,ENTRY,LONG,24249.25,1,EnterLong_Bar1|ATR=17.15|ADX=27.35|RSI=51.2|MACDH=5.894|BW=0.0002|Accel=2.0891|GradStab=1.9708|VOL=1|VPM=2.00
2025-11-21 20:24:30,2328,EXIT,LONG,24237.75,1,VALIDATION_FAILED:FastGrad<=-1.6816(need>0.18)|ATR=18.09|ADX=20.48|RSI=45.8|MACDH=3.203|BW=0.0000|Accel=-2.7728|GradStab=2.0414|VOL=1|VPM=2.00
2025-11-21 20:25:00,2329,ENTRY,SHORT,24235.75,1,EnterShort_Bar1|ATR=18.22|ADX=20.16|RSI=45.1|MACDH=2.126|BW=0.0000|Accel=-0.0166|GradStab=2.2922|VOL=1|VPM=2.00
2025-11-21 20:26:00,2331,EXIT,SHORT,24254.75,1,VALIDATION_FAILED:FastGrad>=1.7242(need<-0.18)|ATR=18.78|ADX=17.56|RSI=52.5|MACDH=2.889|BW=0.0000|Accel=3.4401|GradStab=2.4757|VOL=1|VPM=2.00
2025-11-21 20:26:30,2332,ENTRY,LONG,24262.25,1,EnterLong_Bar1|ATR=18.55|ADX=17.61|RSI=55.0|MACDH=3.704|BW=0.0001|Accel=0.7939|GradStab=2.4447|VOL=1|VPM=2.00
2025-11-21 20:27:30,2334,EXIT,LONG,24244.75,1,VALIDATION_FAILED:FastGrad<=-0.3533(need>0.18)|ATR=18.44|ADX=15.16|RSI=48.7|MACDH=1.469|BW=0.0000|Accel=0.5987|GradStab=1.4889|VOL=1|VPM=2.00
2025-11-21 20:28:00,2335,ENTRY,SHORT,24238.00,1,EnterShort_Bar1|ATR=18.25|ADX=14.93|RSI=46.3|MACDH=0.501|BW=0.0000|Accel=-0.9399|GradStab=1.5250|VOL=1|VPM=2.00
2025-11-21 20:29:00,2337,EXIT,SHORT,24253.50,1,VALIDATION_FAILED:FastGrad>=1.2673(need<-0.18)|ATR=18.54|ADX=13.67|RSI=52.3|MACDH=1.629|BW=0.0000|Accel=1.4204|GradStab=1.4750|VOL=1|VPM=2.00
2025-11-21 20:29:30,2338,ENTRY,SHORT,24243.25,1,EnterShort_Bar1|ATR=18.29|ADX=13.31|RSI=48.3|MACDH=0.701|BW=0.0000|Accel=-1.7635|GradStab=1.3996|VOL=1|VPM=2.00
2025-11-21 20:30:30,2340,EXIT,SHORT,24265.25,1,VALIDATION_FAILED:FastGrad>=2.5649(need<-0.18)|ATR=18.65|ADX=12.45|RSI=56.2|MACDH=2.806|BW=0.0001|Accel=0.8139|GradStab=1.3861|VOL=1|VPM=2.00
2025-11-21 20:31:00,2341,ENTRY,LONG,24283.75,1,EnterLong_Bar1|ATR=19.85|ADX=14.25|RSI=61.8|MACDH=4.782|BW=0.0003|Accel=2.2775|GradStab=1.8605|VOL=1|VPM=2.00
2025-11-21 20:42:00,2363,EXIT,LONG,24350.75,1,VALIDATION_FAILED:FastGrad<=-0.7038(need>0.18)|ATR=16.53|ADX=26.97|RSI=60.6|MACDH=-2.555|BW=0.0006|Accel=-2.4749|GradStab=1.7508|VOL=1|VPM=2.00
2025-11-21 20:42:30,2364,ENTRY,LONG,24357.25,1,EnterLong_Bar1|ATR=16.38|ADX=25.23|RSI=62.8|MACDH=-2.666|BW=0.0006|Accel=1.0949|GradStab=1.7311|VOL=1|VPM=2.00
2025-11-21 20:48:00,2375,EXIT,LONG,24372.25,1,VALIDATION_FAILED:FastGrad<=-0.7595(need>0.18)|ATR=14.07|ADX=21.05|RSI=60.0|MACDH=-3.294|BW=0.0004|Accel=-0.9878|GradStab=1.2022|VOL=1|VPM=2.00
